Entry Title,Concept ID,Short Name,Native ID,URL,Granule Count
2000 Pilot Environmental Sustainability Index (ESI),C179001887-SEDAC,CIESIN_SEDAC_ESI_2000,2000 Pilot Environmental Sustainability Index (ESI),https://sedac.ciesin.columbia.edu/downloads/maps/esi/esi-pilot-environmental-sustainability-index-2000/sedac-logo.jpg,2
2001 Environmental Sustainability Index (ESI),C1000000220-SEDAC,CIESIN_SEDAC_ESI_2001,2001 Environmental Sustainability Index (ESI),https://sedac.ciesin.columbia.edu/downloads/maps/esi/esi-environmental-sustainability-index-2001/sedac-logo.jpg,4
2002 Environmental Sustainability Index (ESI),C179001967-SEDAC,CIESIN_SEDAC_ESI_2002,2002 Environmental Sustainability Index (ESI),https://sedac.ciesin.columbia.edu/downloads/maps/esi/esi-environmental-sustainability-index-2002/2002-esi-scores-by-country-thumbnail.jpg,4
2005 Environmental Sustainability Index (ESI),C179001889-SEDAC,CIESIN_SEDAC_ESI_2005,2005 Environmental Sustainability Index (ESI),https://sedac.ciesin.columbia.edu/downloads/maps/esi/esi-environmental-sustainability-index-2005/2005-esi-scores-by-country-thumbnail.jpg,14
2008 Environmental Performance Index (EPI),C179001707-SEDAC,CIESIN_SEDAC_EPI_2008,2008 Environmental Performance Index (EPI),https://sedac.ciesin.columbia.edu/downloads/maps/epi/epi-environmental-performance-index-2008/epi2008-overall-score-thumbnail.jpg,6
2010 Environmental Performance Index (EPI),C179002147-SEDAC,CIESIN_SEDAC_EPI_2010,2010 Environmental Performance Index (EPI),https://sedac.ciesin.columbia.edu/downloads/maps/epi/epi-environmental-performance-index-2010/sedac-logo.jpg,5
2012 Environmental Performance Index and Pilot Trend Environmental Performance Index,C1000000000-SEDAC,CIESIN_SEDAC_EPI_2012,2012 Environmental Performance Index and Pilot Trend Environmental Performance Index,https://sedac.ciesin.columbia.edu/downloads/maps/epi/epi-environmental-performance-index-pilot-trend-2012/2012-epi-thumbnail.jpg,6
2014 Environmental Performance Index (EPI),C1000000541-SEDAC,CIESIN_SEDAC_EPI_2014,2014 Environmental Performance Index (EPI),https://sedac.ciesin.columbia.edu/downloads/maps/epi/epi-environmental-performance-index-2014/epi2014-thumbnail.jpg,12
2015 Urban Extents from VIIRS and MODIS for the Continental U.S. Using Machine Learning Methods,C1648035940-SEDAC,CIESIN_SEDAC_USPAT_USUEXT2015,sedac_CIESIN_SEDAC_USPAT_USUEXT2015_1.0,https://sedac.ciesin.columbia.edu/downloads/maps/urbanspatial/urbanspatial-urban-extents-viirs-modis-us-2015/urbanspatial-urban-extents-viirs-modis-us-2015-thumbnail.jpg,1
2016 Environmental Performance Index (EPI),C1419908204-SEDAC,CIESIN_SEDAC_EPI_2016,sedac_CIESIN_SEDAC_EPI_2016_2016.00,https://sedac.ciesin.columbia.edu/downloads/maps/epi/epi-environmental-performance-index-2016/epi2016-thumbnail.jpg,5
2018 Environmental Performance Index (EPI),C1604900383-SEDAC,CIESIN_SEDAC_EPI_2018,sedac_CIESIN_SEDAC_EPI_2018_2018.00,https://sedac.ciesin.columbia.edu/downloads/maps/epi/epi-environmental-performance-index-2018/epi2018-thumbnail.jpg,4
2020 Environmental Performance Index (EPI),C2000613920-SEDAC,CIESIN_SEDAC_EPI_2020,CIESIN_SEDAC_EPI_2020,https://sedac.ciesin.columbia.edu/downloads/maps/epi/epi-environmental-performance-index-2020/epi2020-thumbnail.jpg,8
2022 Environmental Performance Index (EPI),C2586824658-SEDAC,CIESIN_SEDAC_EPI_2022,CIESIN_SEDAC_EPI_2022_2022.00,https://sedac.ciesin.columbia.edu/downloads/maps/epi/epi-environmental-performance-index-2022/epi2022-thumbnail.jpg,8
Africa Climate Mobility Initiative (ACMI): Bilateral Migration Projections,C3337732377-SEDAC,CIESIN_SEDAC_CLIMMIG_ACMI_BILMIGPROJ,CIESIN_SEDAC_CLIMMIG_ACMI_BILMIGPROJ,https://sedac.ciesin.columbia.edu/downloads/maps/climmig/climmig-acmi-bilateral-migration-projections/sedac-logo.jpg,6
Africa Climate Mobility Initiative (ACMI): Internal Migration Projections,C3393310301-SEDAC,CIESIN_SEDAC_CLIMMIG_ACMI_INTMIGPROJ,MMT_e7dcd624-0af6-4591-9088-36b970c72a1a,https://sedac.ciesin.columbia.edu/downloads/maps/climmig/climmig-acmi-internal-migration-projections/sedac-logo.jpg,104
"Altimeter Corrected Elevations, Version 2 (ACE2)",C1603439745-SEDAC,CIESIN_SEDAC_DEDC_ACE_V2,sedac_CIESIN_SEDAC_DEDC_ACE_V2_2.0,https://sedac.ciesin.columbia.edu/downloads/maps/dedc/dedc-ace-v2/dedc-ace-v2-1994-2005-thumbnail.jpg,1093
"Annual Global High-Resolution Extreme Heat Estimates (GEHE), 1983-2016",C2748860893-SEDAC,CIESIN_SEDAC_SDEI_GEHE,mmt_collection_34592,https://sedac.ciesin.columbia.edu/downloads/maps/sdei/sdei-high-res-extreme-heat-estimates-1983-2016/sedac-logo.jpg,4
"Annual Mean PM2.5 Components (EC, NH4, NO3, OC, SO4) 50m Urban and 1km Non-Urban Area Grids for Contiguous U.S., 2000-2019 v1",C2673736502-SEDAC,CIESIN_SEDAC_AQDH_PM25COM_US_1KM,mmt_collection_31024,https://sedac.ciesin.columbia.edu/downloads/maps/aqdh/aqdh-pm2-5-component-ec-nh4-no3-oc-so4-50m-1km-contiguous-us-2000-2019/sedac-logo.jpg,200
"Annual Mean PM2.5 Components Trace Elements (TEs) 50m Urban and 1km Non-Urban Area Grids for Contiguous U.S., 2000-2019, v1",C2673738199-SEDAC,CIESIN_SEDAC_AQDH_TRACE_US_1KM,mmt_collection_31025,https://sedac.ciesin.columbia.edu/downloads/maps/aqdh/aqdh-pm2-5-component-trace-elements-50m-1km-contiguous-us-2000-2019/sedac-logo.jpg,400
"Annual PM2.5 Concentrations for Countries and Urban Areas, 1998-2016",C2038014399-SEDAC,CIESIN_SEDAC_SDEI_APM25_URBAN,CIESIN_SEDAC_SDEI_APM25_URBAN_1.0,https://sedac.ciesin.columbia.edu/downloads/maps/sdei/sdei-annual-pm2-5-concentrations-countries-urban-areas-v1-1998-2016/sedac-logo.jpg,2
"Anthropogenic Biomes of the World, Version 1",C179002107-SEDAC,CIESIN_SEDAC_ANTHROMES_v1,"Anthropogenic Biomes of the World, Version 1",https://sedac.ciesin.columbia.edu/downloads/maps/anthromes/anthromes-anthropogenic-biomes-world-v1/anthromes-v1-global-thumbnail.jpg,14
"Anthropogenic Biomes of the World, Version 2: 1700",C1000000280-SEDAC,CIESIN_SEDAC_ANTHROMES_v2_1700,"Anthropogenic Biomes of the World, Version 2: 1700",https://sedac.ciesin.columbia.edu/downloads/maps/anthromes/anthromes-anthropogenic-biomes-world-v2-1700/anthromes-v2-1700-global-thumbnail.jpg,14
"Anthropogenic Biomes of the World, Version 2: 1800",C1000000300-SEDAC,CIESIN_SEDAC_ANTHROMES_v2_1800,"Anthropogenic Biomes of the World, Version 2: 1800",https://sedac.ciesin.columbia.edu/downloads/maps/anthromes/anthromes-anthropogenic-biomes-world-v2-1800/anthromes-v2-1800-global-thumbnail.jpg,14
"Anthropogenic Biomes of the World, Version 2: 1900",C1000000320-SEDAC,CIESIN_SEDAC_ANTHROMES_v2_1900,"Anthropogenic Biomes of the World, Version 2: 1900",https://sedac.ciesin.columbia.edu/downloads/maps/anthromes/anthromes-anthropogenic-biomes-world-v2-1900/anthromes-v2-1900-global-thumbnail.jpg,14
"Anthropogenic Biomes of the World, Version 2: 2000",C1000000321-SEDAC,CIESIN_SEDAC_ANTHROMES_v2_2000,"Anthropogenic Biomes of the World, Version 2: 2000",https://sedac.ciesin.columbia.edu/downloads/maps/anthromes/anthromes-anthropogenic-biomes-world-v2-2000/anthromes-v2-2000-global-thumbnail.jpg,13
"Anthropogenic Sulfur Dioxide Emissions, 1850-2005: National and Regional Data Set by Source Category, Version 2.86",C2213616924-SEDAC,CIESIN_SEDAC_HASO2_SO2_1850-2005,CIESIN_SEDAC_HASO2_SO2_1850-2005_2.86,https://sedac.ciesin.columbia.edu/downloads/maps/haso2/haso2-anthro-sulfur-dioxide-emissions-1850-2005-v2-86/so2-global-2005-thumbnail.jpg,1
Archive of Census Related Products (ACRP): 1980 SAS Transport Files,C179001890-SEDAC,CIESIN_SEDAC_ACRP_1980_SAS,Archive of Census Related Products (ACRP): 1980 SAS Transport Files,https://sedac.ciesin.columbia.edu/downloads/maps/acrp/acrp-sas-transport-1980/sedac-logo.jpg,1
Archive of Census Related Products (ACRP): 1990 Census Block Statistics,C179001891-SEDAC,CIESIN_SEDAC_ACRP_1990_CBS,Archive of Census Related Products (ACRP): 1990 Census Block Statistics,https://sedac.ciesin.columbia.edu/downloads/maps/acrp/acrp-census-block-stats-1990/sedac-logo.jpg,1
Archive of Census Related Products (ACRP): 1990 Enhanced Migration Files,C179001892-SEDAC,CIESIN_SEDAC_ACRP_1990_EMF,Archive of Census Related Products (ACRP): 1990 Enhanced Migration Files,https://sedac.ciesin.columbia.edu/downloads/maps/acrp/acrp-enhanced-migration-1990/sedac-logo.jpg,1
Archive of Census Related Products (ACRP): 1990 Public Use Microdata Sample Areas (PUMA) Boundary Files,C179001893-SEDAC,CIESIN_SEDAC_ACRP_1990_PBF,Archive of Census Related Products (ACRP): 1990 Public Use Microdata Sample Areas (PUMA) Boundary Files,https://sedac.ciesin.columbia.edu/downloads/maps/acrp/acrp-public-use-microdata-sample-areas-boundary-1990/sedac-logo.jpg,1
Archive of Census Related Products (ACRP): 1990 SAS Transport Files,C179001894-SEDAC,CIESIN_SEDAC_ACRP_1990_SAS,Archive of Census Related Products (ACRP): 1990 SAS Transport Files,https://sedac.ciesin.columbia.edu/downloads/maps/acrp/acrp-sas-transport-1990/sedac-logo.jpg,1
Archive of Census Related Products (ACRP): 1990 Standard Extract Files,C179001895-SEDAC,CIESIN_SEDAC_ACRP_1990_SEF,Archive of Census Related Products (ACRP): 1990 Standard Extract Files,https://sedac.ciesin.columbia.edu/downloads/maps/acrp/acrp-standard-extract-1990/sedac-logo.jpg,1
Archive of Census Related Products (ACRP): 1990 Street Intersections,C179001896-SEDAC,CIESIN_SEDAC_ACRP_1990_SI,Archive of Census Related Products (ACRP): 1990 Street Intersections,https://sedac.ciesin.columbia.edu/downloads/maps/acrp/acrp-street-intersections-1990/sedac-logo.jpg,1
Archive of Census Related Products (ACRP): 1990 Summary Tape File (STF1B),C179001897-SEDAC,CIESIN_SEDAC_ACRP_1990_STF1B,Archive of Census Related Products (ACRP): 1990 Summary Tape File (STF1B),https://sedac.ciesin.columbia.edu/downloads/maps/acrp/acrp-summary-tape-file-stf1b-1990/sedac-logo.jpg,1
Archive of Census Related Products (ACRP): 1990 ZIP Equivalency Files,C179001898-SEDAC,CIESIN_SEDAC_ACRP_1990_ZIPEF,Archive of Census Related Products (ACRP): 1990 ZIP Equivalency Files,https://sedac.ciesin.columbia.edu/downloads/maps/acrp/acrp-zip-code-equivalency-1990/sedac-logo.jpg,1
Archive of Census Related Products (ACRP): 1992 Boundary Files,C179001899-SEDAC,CIESIN_SEDAC_ACRP_1992_BF,Archive of Census Related Products (ACRP): 1992 Boundary Files,https://sedac.ciesin.columbia.edu/downloads/maps/acrp/acrp-boundary-1992/sedac-logo.jpg,1
"ATSDR Hazardous Waste Site Polygon Data with CIESIN Modifications, Version 2",C1000000520-SEDAC,CIESIN_SEDAC_SSF_HWSPDCMv2,"ATSDR Hazardous Waste Site Polygon Data with CIESIN Modifications, Version 2",https://sedac.ciesin.columbia.edu/downloads/maps/superfund/superfund-atsdr-hazardous-waste-site-ciesin-mod-v2/superfund-atsdr-hazardous-waste-site-ciesin-mod-v2-thumbnail.jpg,1
"ATSDR Hazardous Waste Site Polygon Data, Version 2",C1000000540-SEDAC,CIESIN_SEDAC_SSF_HWSPDv2,"ATSDR Hazardous Waste Site Polygon Data, Version 2",https://sedac.ciesin.columbia.edu/downloads/maps/superfund/superfund-atsdr-hazardous-waste-site-v2/superfund-atsdr-hazardous-waste-site-v2-thumbnail.jpg,1
Central American Vegetation/Land Cover Classification and Conservation Status,C2210248701-SEDAC,CIESIN_SEDAC_LULC_CAMVEGLCCCS,CIESIN_SEDAC_LULC_CAMVEGLCCCS_1.00,https://sedac.ciesin.columbia.edu/downloads/maps/lulc/lulc-central-american-vegetation-cover-classification/sedac-logo.jpg,1
China Dimensions Data Collection: Agricultural Statistics of the People's Republic of China: 1949-1990,C179001901-SEDAC,CIESIN_SEDAC_CD_STAT_1949-1990,China Dimensions Data Collection: Agricultural Statistics of the People's Republic of China: 1949-1990,https://sedac.ciesin.columbia.edu/downloads/maps/cddc/cddc-china-agricultural-stats-1949-1990/sedac-logo.jpg,1
China Dimensions Data Collection: Bibliography of Chinese Administrative Geography,C179001902-SEDAC,CIESIN_SEDAC_CD_BIB_ADM_GEOG,China Dimensions Data Collection: Bibliography of Chinese Administrative Geography,https://sedac.ciesin.columbia.edu/downloads/maps/cddc/cddc-china-bibliography-admin-geography/sedac-logo.jpg,1
"China Dimensions Data Collection: China Administrative Regions GIS Data: 1:1M, County Level, 1 July 1990",C179001903-SEDAC,CIESIN_SEDAC_CD_ADM_GIS_JUL90,"China Dimensions Data Collection: China Administrative Regions GIS Data: 1:1M, County Level, 1 July 1990",https://sedac.ciesin.columbia.edu/downloads/maps/cddc/cddc-china-admin-regions-gis-july-1990/sedac-logo.jpg,1
"China Dimensions Data Collection: China Administrative Regions GIS Data: 1:1M, County Level, 1990",C179001737-SEDAC,CIESIN_SEDAC_CD_ADM_GIS_1990,"China Dimensions Data Collection: China Administrative Regions GIS Data: 1:1M, County Level, 1990",https://sedac.ciesin.columbia.edu/downloads/maps/cddc/cddc-china-admin-regions-gis-1990/sedac-logo.jpg,1
"China Dimensions Data Collection: China County-Level Data from Provincial Economic Yearbooks, Keyed to 1:1M GIS Map",C179001904-SEDAC,CIESIN_SEDAC_CD_CTY_ECON_YRBK,"China Dimensions Data Collection: China County-Level Data from Provincial Economic Yearbooks, Keyed to 1:1M GIS Map",https://sedac.ciesin.columbia.edu/downloads/maps/cddc/cddc-china-provincial-economic-yearbooks/sedac-logo.jpg,1
"China Dimensions Data Collection: China County-Level Data on Population (Census) and Agriculture, Keyed to 1:1M GIS Map",C179001905-SEDAC,CIESIN_SEDAC_CD_CTY_POPAG_GIS,"China Dimensions Data Collection: China County-Level Data on Population (Census) and Agriculture, Keyed to 1:1M GIS Map",https://sedac.ciesin.columbia.edu/downloads/maps/cddc/cddc-china-population-census-and-agriculture/sedac-logo.jpg,1
China Dimensions Data Collection: China Maps Bibliographic Database,C179001906-SEDAC,CIESIN_SEDAC_CD_MAPS_BIBDB,China Dimensions Data Collection: China Maps Bibliographic Database,https://sedac.ciesin.columbia.edu/downloads/maps/cddc/cddc-china-maps-bibliographic-db/sedac-logo.jpg,1
"China Dimensions Data Collection: Chinese County-Level Data on Hospitals and Epidemiology Stations, 1950-1985",C179001907-SEDAC,CIESIN_SEDAC_CD_HOS_EPI_50-85,"China Dimensions Data Collection: Chinese County-Level Data on Hospitals and Epidemiology Stations, 1950-1985",https://sedac.ciesin.columbia.edu/downloads/maps/cddc/cddc-china-hospitals-epidemiology-stations-1950-1985/sedac-logo.jpg,1
"China Dimensions Data Collection: Fundamental GIS: Digital Chart of China, 1:1M, Version 1",C179001908-SEDAC,CIESIN_SEDAC_CD_FUNDGIS,"China Dimensions Data Collection: Fundamental GIS: Digital Chart of China, 1:1M, Version 1",https://sedac.ciesin.columbia.edu/downloads/maps/cddc/cddc-china-dcw-gis/sedac-logo.jpg,1
China Dimensions Data Collection: GuoBiao (GB) Codes for the Administrative Divisions of the Peoples Republic of China,C179001909-SEDAC,CIESIN_SEDAC_CD_GBCODES,China Dimensions Data Collection: GuoBiao (GB) Codes for the Administrative Divisions of the Peoples Republic of China,https://sedac.ciesin.columbia.edu/downloads/maps/cddc/cddc-china-guobiao-codes-admin-divisions/sedac-logo.jpg,1
China Dimensions Data Collection: Priority Programme for China's Agenda 21,C179001910-SEDAC,CIESIN_SEDAC_CD_AGENDA21,China Dimensions Data Collection: Priority Programme for China's Agenda 21,https://sedac.ciesin.columbia.edu/downloads/maps/cddc/cddc-china-priority-program-of-agenda-21/sedac-logo.jpg,1
"CODATA Catalog of Roads Data Sets, Version 1",C179002127-SEDAC,CIESIN_SEDAC_GROADS_CCRDSv1,"CODATA Catalog of Roads Data Sets, Version 1",https://sedac.ciesin.columbia.edu/downloads/maps/groads/groads-codata-roads-catalog-v1/sedac-logo.jpg,2
Compendium of Environmental Sustainability Indicator Collections: 2004 Environmental Vulnerability Index (EVI),C1418622315-SEDAC,CIESIN_SEDAC_CESIC_2004EVI,sedac_CIESIN_SEDAC_CESIC_2004EVI_2004.00,https://sedac.ciesin.columbia.edu/downloads/maps/cesic/cesic-environmental-vulnerability-index-2004/environmental-vulnerability-index-2004-global-thumbnail.jpg,1
Compendium of Environmental Sustainability Indicator Collections: 2006 National Footprint Accounts (NFA),C1418641019-SEDAC,CIESIN_SEDAC_CESIC_2006NFA,sedac_CIESIN_SEDAC_CESIC_2006NFA_2006.00,https://sedac.ciesin.columbia.edu/downloads/maps/cesic/cesic-national-footprint-accounts-2006/sedac-logo.jpg,1
Compendium of Environmental Sustainability Indicator Collections: Ancillary Data,C179001914-SEDAC,CIESIN_SEDAC_CESIC_ANC,Compendium of Environmental Sustainability Indicator Collections: Ancillary Data,https://sedac.ciesin.columbia.edu/downloads/maps/cesic/cesic-ancillary-data/sedac-logo.jpg,4
"Compendium of Environmental Sustainability Indicator Collections: Complete Collection, Version 1.1",C1418954625-SEDAC,CIESIN_SEDAC_CESIC_COMPLETE_V11,sedac_CIESIN_SEDAC_CESIC_COMPLETE_V11_1.01,https://sedac.ciesin.columbia.edu/downloads/maps/cesic/cesic-complete-collection-v1-1/sedac-logo.jpg,1
Compendium of Environmental Sustainability Indicator Collections: Rio to Johannesburg Dashboard of Sustainable Indicators,C1000000360-SEDAC,CIESIN_SEDAC_CESIC_RIOJO,Compendium of Environmental Sustainability Indicator Collections: Rio to Johannesburg Dashboard of Sustainable Indicators,https://sedac.ciesin.columbia.edu/downloads/maps/cesic/cesic-rio-to-johannesburg-development-indicators/sedac-logo.jpg,1
Compendium of Environmental Sustainability Indicator Collections: The Wellbeing of Nations,C179001916-SEDAC,CIESIN_SEDAC_CESIC_WELLBEING,Compendium of Environmental Sustainability Indicator Collections: The Wellbeing of Nations,https://sedac.ciesin.columbia.edu/downloads/maps/cesic/cesic-wellbeing-of-nations/well-being-index-2001-global-thumbnail.jpg,1
Country Trends in Major Air Pollutants,C2556502578-SEDAC,CIESIN_SEDAC_AQDH_CTMAP_2003_2018,CIESIN_SEDAC_AQDH_CTMAP_2003_2018_1.00,https://sedac.ciesin.columbia.edu/downloads/maps/aqdh/aqdh-country-trends-major-air-pollutants-2003-2018/aqdh-country-trends-major-air-pollutants-2003-2018-change-o3-thumbnail.jpg,1
"Country-Level GDP and Downscaled Projections Based on the SRES A1, A2, B1, and B2 Marker Scenarios, 1990-2100",C179001917-SEDAC,CIESIN_SEDAC_SDP_CGDP_A1A2B1B2,"Country-Level GDP and Downscaled Projections Based on the SRES A1, A2, B1, and B2 Marker Scenarios, 1990-2100",https://sedac.ciesin.columbia.edu/downloads/maps/sdp/sdp-downscaled-gdp-a1a2b1b2-1990-2100/sedac-logo.jpg,4
"Country-Level Population and Downscaled Projections Based on the SRES A1, B1, and  A2 Scenarios, 1990-2100",C179001918-SEDAC,CIESIN_SEDAC_SDP_CPOP_A1B1A2,"Country-Level Population and Downscaled Projections Based on the SRES A1, B1, and A2 Scenarios, 1990-2100",https://sedac.ciesin.columbia.edu/downloads/maps/sdp/sdp-downscaled-population-a1b1a2-1990-2100/sedac-logo.jpg,1
"Country-Level Population and Downscaled Projections Based on the SRES B2 Scenario, 1990-2100",C179001919-SEDAC,CIESIN_SEDAC_SDP_CPOP_B2,"Country-Level Population and Downscaled Projections Based on the SRES B2 Scenario, 1990-2100",https://sedac.ciesin.columbia.edu/downloads/maps/sdp/sdp-downscaled-population-b2-1990-2100/sedac-logo.jpg,1
"Daily 8-Hour Maximum and Annual O3 Concentrations for the Contiguous United States, 1-km Grids, v1 (2000 - 2016)",C2187535796-SEDAC,CIESIN_SEDAC_AQDH_DAO3_US_1KM,CIESIN_SEDAC_AQDH_DAO3_US_1KM_1.00,https://sedac.ciesin.columbia.edu/downloads/maps/aqdh/aqdh-o3-concentrations-contiguous-us-1-km-2000-2016/sedac-logo.jpg,410
"Daily 8-Hour Maximum and Annual O3 Concentrations for the Contiguous United States, 1-km Grids, Version 1.10 (2000-2016)",C2848642408-SEDAC,CIESIN_SEDAC_AQDH_DAO3_US_1KM_1.10,mmt_collection_42784,https://sedac.ciesin.columbia.edu/downloads/maps/aqdh/aqdh-o3-concentrations-contiguous-us-1-km-v1-10-2000-2016/sedac-logo.jpg,410
"Daily and Annual NO2 Concentrations for the Contiguous United States, 1-km Grids, v1 (2000 - 2016)",C2302636732-SEDAC,CIESIN_SEDAC_AQDH_NO2_US_1KM,CIESIN_SEDAC_AQDH_NO2_US_1KM_1.00,https://sedac.ciesin.columbia.edu/downloads/maps/aqdh/aqdh-no2-concentrations-contiguous-us-1-km-2000-2016/sedac-logo.jpg,410
"Daily and Annual NO2 Concentrations for the Contiguous United States, 1-km Grids, Version 1.10 (2000-2016)",C2848642691-SEDAC,CIESIN_SEDAC_AQDH_DANO2_US_1KM_1.10,mmt_collection_42785,https://sedac.ciesin.columbia.edu/downloads/maps/aqdh/aqdh-no2-concentrations-contiguous-us-1-km-v1-10-2000-2016/sedac-logo.jpg,410
"Daily and Annual PM2.5 Concentrations for the Contiguous United States, 1-km Grids, v1 (2000 - 2016)",C2091764506-SEDAC,CIESIN_SEDAC_AQDH_DAPM25_US_1KM,CIESIN_SEDAC_AQDH_DAPM25_US_1KM_1.0,https://sedac.ciesin.columbia.edu/downloads/maps/aqdh/aqdh-pm2-5-concentrations-contiguous-us-1-km-2000-2016/sedac-logo.jpg,410
"Daily and Annual PM2.5 Concentrations for the Contiguous United States, 1-km Grids, Version 1.10 (2000-2016)",C2848642054-SEDAC,CIESIN_SEDAC_AQDH_DAPM25_US_1KM_1.10,mmt_collection_42782,https://sedac.ciesin.columbia.edu/downloads/maps/aqdh/aqdh-pm2-5-concentrations-contiguous-us-1-km-v1-10-2000-2016/sedac-logo.jpg,410
"Daily and Annual PM2.5, O3, and NO2 Concentrations at ZIP Codes for the Contiguous U.S., 2000-2016, v1.0",C2563727886-SEDAC,CIESIN_SEDAC_AQDH_PM25O3NO2_ZIPCODE,CIESIN_SEDAC_AQDH_PM25O3NO2_ZIPCODE_1.00,https://sedac.ciesin.columbia.edu/downloads/maps/aqdh/aqdh-pm2-5-o3-no2-concentrations-zipcode-contiguous-us-2000-2016/sedac-logo.jpg,6
Dar es Salaam Land Use and Informal Settlement Data Set,C1418646880-SEDAC,CIESIN_SEDAC_USPAT_DESLUIS,sedac_CIESIN_SEDAC_USPAT_DESLUIS_1.0,https://sedac.ciesin.columbia.edu/downloads/maps/urbanspatial/urbanspatial-dar-es-salaam-luse/urbanspatial-dar-es-salaam-luse-thumbnail.jpg,1
Development Threat Index,C1620075032-SEDAC,CIESIN_SEDAC_LULC_DT1_V1,sedac_CIESIN_SEDAC_LULC_DTI_V1_1.0,https://sedac.ciesin.columbia.edu/downloads/maps/lulc/lulc-development-threat-index/lulc-development-threat-index-thumbnail.jpg,20
Effects of Climate Change on Global Food Production from SRES Emissions and Socioeconomic Scenarios,C1418651576-SEDAC,CIESIN_SEDAC_CROPCLIM_EFCCGPSRES,sedac_CIESIN_SEDAC_CROPCLIM_EFCCGPSRES_1.0,https://sedac.ciesin.columbia.edu/downloads/maps/crop-climate/crop-climate-effects-climate-global-food-production/maize-a1fi-2020-thumbnail.jpg,1
Food Insecurity Hotspots Data Set,C1947985418-SEDAC,CIESIN_SEDAC_FOOD_FIH_V1,CIESIN_SEDAC_FOOD_FIH_V1,https://sedac.ciesin.columbia.edu/downloads/maps/food/food-food-insecurity-hotspots/food-food-insecurity-hotspots-average-phase-class-global-2009-2019-thumbnail.jpg,10
Geocoded Disasters (GDIS) Dataset,C2022273992-SEDAC,CIESIN_SEDAC_PEND_GDIS,CIESIN_SEDAC_PEND_GDIS,https://sedac.ciesin.columbia.edu/downloads/maps/pend/pend-gdis-1960-2018/pend-gdis-1960-2018-death-rate-africa-2009-2018-thumbnail.jpg,4
"Georeferenced Population Datasets of Mexico (GEO-MEX): GIS of Mexican States, Municipalities and Islands",C179001920-SEDAC,CIESIN_SEDAC_GEO-MEX_GIS_SMI,"Georeferenced Population Datasets of Mexico (GEO-MEX): GIS of Mexican States, Municipalities and Islands",https://sedac.ciesin.columbia.edu/downloads/maps/geo-mex/geo-mex-mexico-states-municipalities-islands-gis/sedac-logo.jpg,1
Georeferenced Population Datasets of Mexico (GEO-MEX): Population Database of Mexico,C179001921-SEDAC,CIESIN_SEDAC_GEO-MEX_POPDBMEX,Georeferenced Population Datasets of Mexico (GEO-MEX): Population Database of Mexico,https://sedac.ciesin.columbia.edu/downloads/maps/geo-mex/geo-mex-mexico-population-db/sedac-logo.jpg,1
Georeferenced Population Datasets of Mexico (GEO-MEX): Raster Based GIS Coverage of Mexican Population,C179001922-SEDAC,CIESIN_SEDAC_GEO-MEX_RASTERGIS,Georeferenced Population Datasets of Mexico (GEO-MEX): Raster Based GIS Coverage of Mexican Population,https://sedac.ciesin.columbia.edu/downloads/maps/geo-mex/geo-mex-mexico-raster-based-population-gis/sedac-logo.jpg,1
Georeferenced Population Datasets of Mexico (GEO-MEX): Urban Place GIS Coverage of Mexico,C179001923-SEDAC,CIESIN_SEDAC_GEO-MEX_URBANGIS,Georeferenced Population Datasets of Mexico (GEO-MEX): Urban Place GIS Coverage of Mexico,https://sedac.ciesin.columbia.edu/downloads/maps/geo-mex/geo-mex-mexico-urban-place-gis/sedac-logo.jpg,1
Georeferenced Population Datasets of Mexico (GEO-MEX): Urban Place Time-Series Population of Mexico,C179001761-SEDAC,CIESIN_SEDAC_GEO-MEX_URB_TSER,Georeferenced Population Datasets of Mexico (GEO-MEX): Urban Place Time-Series Population of Mexico,https://sedac.ciesin.columbia.edu/downloads/maps/geo-mex/geo-mex-mexico-urban-place-time-series-population/sedac-logo.jpg,1
"Georeferenced U.S. County-Level Population Projections, Total and by Sex, Race and Age, Based on the SSPs, 2020-2100",C2039248970-SEDAC,CIESIN_SEDAC_PD_PPUSCASRCSSP,CIESIN_SEDAC_PD_PPUSCASRCSSP_1.0,https://sedac.ciesin.columbia.edu/downloads/maps/popdynamics/popdynamics-us-county-level-pop-projections-sex-race-age-ssp-2020-2100/sedac-logo.jpg,5
"Global 1-km Downscaled Population Base Year and Projection Grids Based on the Shared Socioeconomic Pathways, Revision 01",C1739468823-SEDAC,CIESIN_SEDAC_PD_SSPBSYR_1km,sedac_CIESIN_SEDAC_PD_SSPBSYR_1km_1.01,https://sedac.ciesin.columbia.edu/downloads/maps/popdynamics/popdynamics-1-km-downscaled-pop-base-year-projection-ssp-2000-2100-rev01/popdynamics-1-km-downscaled-pop-base-year-projection-ssp-2000-2100-rev01-total-pop-ssps-byr-2000-thumbnail.jpg,18
"Global 1-km Downscaled Urban Land Extent Projection and Base Year Grids by SSP Scenarios, 2000-2100",C2161983020-SEDAC,CIESIN_SEDAC_SSP_1-kmDULEPBYGSSP,CIESIN_SEDAC_SSP_1-kmDULEPBYGSSP_1.00,https://sedac.ciesin.columbia.edu/downloads/maps/ssp/ssp-1-km-downscaled-urban-land-extent-projection-base-year-ssp-2000-2100/sedac-logo.jpg,14
"Global 15 x 15 Minute Grids of the Downscaled GDP Based on the SRES B2 Scenario, 1990 and 2025",C179001924-SEDAC,CIESIN_SEDAC_SDP_GGDP_B2,"Global 15 x 15 Minute Grids of the Downscaled GDP Based on the SRES B2 Scenario, 1990 and 2025",https://sedac.ciesin.columbia.edu/downloads/maps/sdp/sdp-downscaled-gdp-grid-b2-1990-2025/gridded-gdp-1990-2025-global-thumbnail.jpg,1
"Global 15 x 15 Minute Grids of the Downscaled Population Based on the SRES B2 Scenario, 1990 and 2025",C179001925-SEDAC,CIESIN_SEDAC_SDP_GPOP_B2,"Global 15 x 15 Minute Grids of the Downscaled Population Based on the SRES B2 Scenario, 1990 and 2025",https://sedac.ciesin.columbia.edu/downloads/maps/sdp/sdp-downscaled-gdp-grid-b2-1990-2025/gridded-gdp-1990-2025-global-thumbnail.jpg,1
"Global 3-Year Running Mean Ground-Level Nitrogen Dioxide (NO2) Grids from GOME, SCIAMACHY and GOME-2",C1401421022-SEDAC,CIESIN_SEDAC_SDEI_NO2,sedac_CIESIN_SEDAC_SDEI_NO2_1.0,https://sedac.ciesin.columbia.edu/downloads/maps/sdei/sdei-global-3-year-running-mean-no2-gome-sciamachy-gome2/sdei-global-3-year-running-mean-no2-gome-sciamachy-gome2-1996-1998-thumbnail.jpg,16
"Global Agricultural Lands: Croplands, 2000",C1000000060-SEDAC,CIESIN_SEDAC_AGLANDS_CROP2000,"Global Agricultural Lands: Croplands, 2000",https://sedac.ciesin.columbia.edu/downloads/maps/aglands/aglands-croplands-2000/aglands-croplands-2000-global-thumbnail.jpg,14
"Global Agricultural Lands: Pastures, 2000",C1000000061-SEDAC,CIESIN_SEDAC_AGLANDS_PAS2000,"Global Agricultural Lands: Pastures, 2000",https://sedac.ciesin.columbia.edu/downloads/maps/aglands/aglands-pastures-2000/aglands-pastures-2000-global-thumbnail.jpg,14
"Global Annual PM2.5 Grids from MODIS, MISR and SeaWiFS Aerosol Optical Depth (AOD), 1998-2019, V4.GL.03",C2208962437-SEDAC,CIESIN_SEDAC_SDEI_GWRPM25_MMSAOD_4GL03,CIESIN_SEDAC_SDEI_GWRPM25_MMSAOD_4GL03_4.03,https://sedac.ciesin.columbia.edu/downloads/maps/sdei/sdei-global-annual-gwr-pm2-5-modis-misr-seawifs-aod-v4-gl-03/sdei-global-annual-gwr-pm2-5-modis-misr-seawifs-aod-v4-gl-03-trend-reg-slope-avg-chg-1998-2019-thumbnail.jpg,22
"Global Annual PM2.5 Grids from MODIS, MISR, SeaWiFS and VIIRS Aerosol Optical Depth (AOD), 1998-2022, V5.GL.04",C3202235162-SEDAC,CIESIN_SEDAC_SDEI_GWRPM25_MMSVAOD_5GL04,mmt_collection_54566,https://sedac.ciesin.columbia.edu/downloads/maps/sdei/sdei-global-annual-gwr-pm2-5-modis-misr-seawifs-viirs-aod-v5-gl-04/sdei-global-annual-gwr-pm2-5-modis-misr-seawifs-viirs-aod-v5-gl-04-2022-thumbnail.jpg,50
Global Cyclone Hazard Frequency and Distribution,C179001766-SEDAC,CIESIN_CHRR_NDH_CYCLONE_HFD,Global Cyclone Hazard Frequency and Distribution,https://sedac.ciesin.columbia.edu/downloads/maps/ndh/ndh-cyclone-hazard-frequency-distribution/cyclone-frequency-distribution-thumbnail.jpg,1
Global Cyclone Mortality Risks and Distribution,C179001768-SEDAC,CIESIN_CHRR_NDH_CYCLONE_MRD,Global Cyclone Mortality Risks and Distribution,https://sedac.ciesin.columbia.edu/downloads/maps/ndh/ndh-cyclone-mortality-risks-distribution/cyclone-mortality-thumbnail.jpg,1
Global Cyclone Proportional Economic Loss Risk Deciles,C179001767-SEDAC,CIESIN_CHRR_NDH_CYCLONE_PELRD,Global Cyclone Proportional Economic Loss Risk Deciles,https://sedac.ciesin.columbia.edu/downloads/maps/ndh/ndh-cyclone-proportional-economic-loss-risk-deciles/cyclone-proportional-economic-loss-thumbnail.jpg,1
Global Cyclone Total Economic Loss Risk Deciles,C179001764-SEDAC,CIESIN_CHRR_NDH_CYCLONE_TELRD,Global Cyclone Total Economic Loss Risk Deciles,https://sedac.ciesin.columbia.edu/downloads/maps/ndh/ndh-cyclone-total-economic-loss-risk-deciles/cyclone-total-economic-loss-thumbnail.jpg,1
"Global Database of Light-based Geospatial Income Inequality (LGII) Measures, Version 1",C2816246082-SEDAC,CIESIN_SEDAC_SPATIALECON_LGII_V1,mmt_collection_38962,https://sedac.ciesin.columbia.edu/downloads/maps/spatialecon/spatialecon-lgii-measures-v1/sedac-logo.jpg,1
Global Development Potential Indices,C1739457324-SEDAC,CIESIN_SEDAC_LULC_DPI,sedac_CIESIN_SEDAC_LULC_DPI_1.0,https://sedac.ciesin.columbia.edu/downloads/maps/lulc/lulc-development-potential-indices/lulc-development-potential-indices-bio-thumbnail.jpg,26
Global Drought Hazard Frequency and Distribution,C179001770-SEDAC,CIESIN_CHRR_NDH_DROUGHT_HFD,Global Drought Hazard Frequency and Distribution,https://sedac.ciesin.columbia.edu/downloads/maps/ndh/ndh-drought-hazard-frequency-distribution/drought-frequency-distribution-thumbnail.jpg,1
Global Drought Mortality Risks and Distribution,C179001771-SEDAC,CIESIN_CHRR_NDH_DROUGHT_MRD,Global Drought Mortality Risks and Distribution,https://sedac.ciesin.columbia.edu/downloads/maps/ndh/ndh-drought-mortality-risks-distribution/drought-mortality-thumbnail.jpg,1
Global Drought Proportional Economic Loss Risk Deciles,C179001852-SEDAC,CIESIN_CHRR_NDH_DROUGHT_PELRD,Global Drought Proportional Economic Loss Risk Deciles,https://sedac.ciesin.columbia.edu/downloads/maps/ndh/ndh-drought-proportional-economic-loss-risk-deciles/drought-proportional-economic-loss-thumbnail.jpg,1
Global Drought Total Economic Loss Risk Deciles,C179001772-SEDAC,CIESIN_CHRR_NDH_DROUGHT_TELRD,Global Drought Total Economic Loss Risk Deciles,https://sedac.ciesin.columbia.edu/downloads/maps/ndh/ndh-drought-total-economic-loss-risk-deciles/drought-total-economic-loss-thumbnail.jpg,1
Global Earthquake Hazard Distribution - Peak Ground Acceleration,C179001769-SEDAC,CIESIN_CHRR_NDH_EQUAKE_PGA,Global Earthquake Hazard Distribution - Peak Ground Acceleration,https://sedac.ciesin.columbia.edu/downloads/maps/ndh/ndh-earthquake-distribution-peak-ground-acceleration/earthquake-peak-ground-acceleration-thumbnail.jpg,1
Global Earthquake Hazard Frequency and Distribution,C179001775-SEDAC,CIESIN_CHRR_NDH_EQUAKE_HFD,Global Earthquake Hazard Frequency and Distribution,https://sedac.ciesin.columbia.edu/downloads/maps/ndh/ndh-earthquake-frequency-distribution/earthquake-frequency-distribution-thumbnail.jpg,1
Global Earthquake Mortality Risks and Distribution,C179001776-SEDAC,CIESIN_CHRR_NDH_EQUAKE_MRD,Global Earthquake Mortality Risks and Distribution,https://sedac.ciesin.columbia.edu/downloads/maps/ndh/ndh-earthquake-mortality-risks-distribution/earthquake-mortality-thumbnail.jpg,1
Global Earthquake Proportional Economic Loss Risk Deciles,C179001773-SEDAC,CIESIN_CHRR_NDH_EQUAKE_PELRD,Global Earthquake Proportional Economic Loss Risk Deciles,https://sedac.ciesin.columbia.edu/downloads/maps/ndh/ndh-earthquake-proportional-economic-loss-risk-deciles/earthquake-proportional-economic-loss-thumbnail.jpg,1
Global Earthquake Total Economic Loss Risk Deciles,C179001774-SEDAC,CIESIN_CHRR_NDH_EQUAKE_TELRD,Global Earthquake Total Economic Loss Risk Deciles,https://sedac.ciesin.columbia.edu/downloads/maps/ndh/ndh-earthquake-total-economic-loss-risk-deciles/earthquake-total-economic-loss-thumbnail.jpg,1
Global Estimated Net Migration Grids by Decade: 1970-2000,C1000000660-SEDAC,CIESIN_SEDAC_PD_NETMIG_1970_2000,Global Estimated Net Migration Grids by Decade: 1970-2000,https://sedac.ciesin.columbia.edu/downloads/maps/popdynamics/popdynamics-global-est-net-migration-grids-1970-2000/net-migration-africa-1990-2000-thumbnail.jpg,6
"Global Fertilizer and Manure, Version 1: Nitrogen Fertilizer Application",C1000000020-SEDAC,CIESIN_SEDAC_FERMANv1_NAPP,"Global Fertilizer and Manure, Version 1: Nitrogen Fertilizer Application",https://sedac.ciesin.columbia.edu/downloads/maps/ferman-v1/ferman-v1-nitrogen-fertilizer-application/nitrogen-fertilizer-global-thumbnail.jpg,14
"Global Fertilizer and Manure, Version 1: Nitrogen in Manure Production",C1000000001-SEDAC,CIESIN_SEDAC_FERMANv1_NMAN,"Global Fertilizer and Manure, Version 1: Nitrogen in Manure Production",https://sedac.ciesin.columbia.edu/downloads/maps/ferman-v1/ferman-v1-nitrogen-in-manure-production/nitrogen-in-manure-global-thumbnail.jpg,14
"Global Fertilizer and Manure, Version 1: Phosphorus Fertilizer Application",C1000000040-SEDAC,CIESIN_SEDAC_FERMANv1_PAPP,"Global Fertilizer and Manure, Version 1: Phosphorus Fertilizer Application",https://sedac.ciesin.columbia.edu/downloads/maps/ferman-v1/ferman-v1-phosphorus-fertilizer-application/phosphorus-fertilizer-global-thumbnail.jpg,14
"Global Fertilizer and Manure, Version 1: Phosphorus in Manure Production",C1000000002-SEDAC,CIESIN_SEDAC_FERMANv1_PMAN,"Global Fertilizer and Manure, Version 1: Phosphorus in Manure Production",https://sedac.ciesin.columbia.edu/downloads/maps/ferman-v1/ferman-v1-phosphorus-in-manure-production/phosphorus-in-manure-global-thumbnail.jpg,14
"Global Fire Emissions Indicators, Country-Level Tabular Data: 1997-2015",C1457414586-SEDAC,CIESIN_SEDAC_SDEI_GFED4_CLTAB,sedac_CIESIN_SEDAC_SDEI_GFED4_CLTAB_1.0,https://sedac.ciesin.columbia.edu/downloads/maps/sdei/sdei-global-fire-emissions-indicators-country-level-1997-2015/sedac-logo.jpg,1
"Global Fire Emissions Indicators, Grids: 1997-2015",C1457415979-SEDAC,CIESIN_SEDAC_SDEI_GFED4_GRIDS,sedac_CIESIN_SEDAC_SDEI_GFED4_GRIDS_1.0,https://sedac.ciesin.columbia.edu/downloads/maps/sdei/sdei-global-fire-emissions-indicators-grids-1997-2015/sdei-global-fire-emissions-indicators-grids-1997-2015-total-area-burned-global-2015-thumbnail.jpg,160
Global Flood Hazard Frequency and Distribution,C179001777-SEDAC,CIESIN_CHRR_NDH_FLOOD_HFD,Global Flood Hazard Frequency and Distribution,https://sedac.ciesin.columbia.edu/downloads/maps/ndh/ndh-flood-hazard-frequency-distribution/flood-frequency-distribution-thumbnail.jpg,1
Global Flood Mortality Risks and Distribution,C179001778-SEDAC,CIESIN_CHRR_NDH_FLOOD_MRD,Global Flood Mortality Risks and Distribution,https://sedac.ciesin.columbia.edu/downloads/maps/ndh/ndh-flood-mortality-risks-distribution/flood-mortality-thumbnail.jpg,1
Global Flood Proportional Economic Loss Risk Deciles,C179001781-SEDAC,CIESIN_CHRR_NDH_FLOOD_PELRD,Global Flood Proportional Economic Loss Risk Deciles,https://sedac.ciesin.columbia.edu/downloads/maps/ndh/ndh-flood-proportional-economic-loss-risk-deciles/flood-proportional-economic-loss-thumbnail.jpg,1
Global Flood Total Economic Loss Risk Deciles,C179001780-SEDAC,CIESIN_CHRR_NDH_FLOOD_TELRD,Global Flood Total Economic Loss Risk Deciles,https://sedac.ciesin.columbia.edu/downloads/maps/ndh/ndh-flood-total-economic-loss-risk-deciles/flood-total-economic-loss-thumbnail.jpg,1
Global Grid of Probabilities of Urban Expansion to 2030,C1399902925-SEDAC,CIESIN_SEDAC_LULC_PUEXPANS_2030,sedac_CIESIN_SEDAC_LULC_PUEXPANS_2030_1.0,https://sedac.ciesin.columbia.edu/downloads/maps/lulc/lulc-global-grid-prob-urban-expansion-2030/lulc-global-grid-prob-urban-expansion-2030-thumbnail.jpg,1
"Global Gridded Geographically Based Economic Data (G-Econ), Version 4",C1419865113-SEDAC,CIESIN_SEDAC_SPATIALECON_GECON4,sedac_CIESIN_SEDAC_SPATIALECON_GECON4_4.0,https://sedac.ciesin.columbia.edu/downloads/maps/spatialecon/spatialecon-gecon-v4/spatialecon-gecon-v4-mer-2005-global-thumbnail.jpg,3
"Global Gridded Relative Deprivation Index (GRDI), Version 1",C2552888508-SEDAC,CIESIN_SEDAC_PMP_GRDI_2010_2020,CIESIN_SEDAC_PMP_GRDI_2010_2020_1.00,https://sedac.ciesin.columbia.edu/downloads/maps/povmap/povmap-grdi-v1/povmap-grdi-v1-thumbnail.jpg,9
"Global High Resolution Daily Extreme Urban Heat Exposure (UHE-Daily), 1983-2016",C2175347697-SEDAC,CIESIN_SEDAC_SDEI_UHE,CIESIN_SEDAC_SDEI_UHE_1.00,https://sedac.ciesin.columbia.edu/downloads/maps/sdei/sdei-high-res-daily-uhe-1983-2016/sedac-logo.jpg,2
Global Human Built-up And Settlement Extent (HBASE) Dataset From Landsat,C1517101319-SEDAC,CIESIN_SEDAC_ULANDSAT_HBASE_V1,sedac_CIESIN_SEDAC_ULANDSAT_HBASE_V1_1.0,https://sedac.ciesin.columbia.edu/downloads/maps/ulandsat/ulandsat-hbase-v1/ulandsat-hbase-v1-hbase-extent-thumbnail.jpg,14726
Global Human Modification of Terrestrial Systems,C1871814255-SEDAC,CIESIN_SEDAC_LULC_HMTS,CIESIN_SEDAC_LULC_HMTS,https://sedac.ciesin.columbia.edu/downloads/maps/lulc/lulc-human-modification-terrestrial-systems/lulc-human-modification-terrestrial-systems-thumbnail.jpg,2
"Global Human Settlement Layer: Population and Built-Up Estimates, and Degree of Urbanization Settlement Model Grid",C2098218461-SEDAC,CIESIN_SEDAC_GHSL_PBSMOD,CIESIN_SEDAC_GHSL_PBSMOD_1.0,https://sedac.ciesin.columbia.edu/downloads/maps/ghsl/ghsl-population-built-up-estimates-degree-urban-smod/ghsl-population-built-up-estimates-degree-urban-smod-pop-2015-thumbnail.jpg,8
Global Landslide Hazard Distribution,C179001779-SEDAC,CIESIN_CHRR_NDH_LSLIDE_HD,Global Landslide Hazard Distribution,https://sedac.ciesin.columbia.edu/downloads/maps/ndh/ndh-landslide-hazard-distribution/landslide-distribution-thumbnail.jpg,1
Global Landslide Mortality Risks and Distribution,C179001783-SEDAC,CIESIN_CHRR_NDH_LSLIDE_MRD,Global Landslide Mortality Risks and Distribution,https://sedac.ciesin.columbia.edu/downloads/maps/ndh/ndh-landslide-mortality-risks-distribution/landslide-mortality-thumbnail.jpg,1
Global Landslide Proportional Economic Loss Risk Deciles,C179001782-SEDAC,CIESIN_CHRR_NDH_LSLIDE_PELRD,Global Landslide Proportional Economic Loss Risk Deciles,https://sedac.ciesin.columbia.edu/downloads/maps/ndh/ndh-landslide-proportional-economic-loss-risk-deciles/landslide-proportional-economic-loss-thumbnail.jpg,1
Global Landslide Total Economic Loss Risk Deciles,C179001786-SEDAC,CIESIN_CHRR_NDH_LSLIDE_TELRD,Global Landslide Total Economic Loss Risk Deciles,https://sedac.ciesin.columbia.edu/downloads/maps/ndh/ndh-landslide-total-economic-loss-risk-deciles/landslide-total-economic-loss-thumbnail.jpg,1
Global Man-made Impervious Surface (GMIS) Dataset From Landsat,C1517102461-SEDAC,CIESIN_SEDAC_ULANDSAT_GMIS_V1,sedac_CIESIN_SEDAC_ULANDSAT_GMIS_V1_1.0,https://sedac.ciesin.columbia.edu/downloads/maps/ulandsat/ulandsat-gmis-v1/ulandsat-gmis-v1-impervious-surface-percentage-thumbnail.jpg,7360
"Global Mangrove Forests Distribution, 2000",C1000000440-SEDAC,CIESIN_SEDAC_LULC_MANGROVES_2000,"Global Mangrove Forests Distribution, 2000",https://sedac.ciesin.columbia.edu/downloads/maps/lulc/lulc-global-mangrove-forests-distribution-2000/lulc-mangroves-2000-southeast-asia-thumbnail.jpg,111
"Global Monthly and Seasonal Urban and Land Backscatter Time Series, 1993-2020",C2492953186-SEDAC,CIESIN_SEDAC_USPAT_BSCATTER_1993_2020,CIESIN_SEDAC_USPAT_BSCATTER_1993_2020_1.00,https://sedac.ciesin.columbia.edu/downloads/maps/urbanspatial/urbanspatial-urban-land-backscatter-time-series-1993-2020/sedac-logo.jpg,12
Global Multihazard Frequency and Distribution,C179001784-SEDAC,CIESIN_CHRR_NDH_MULTI_HFD,Global Multihazard Frequency and Distribution,https://sedac.ciesin.columbia.edu/downloads/maps/ndh/ndh-multihazard-frequency-distribution/multihazard-frequency-distribution-thumbnail.jpg,1
Global Multihazard Mortality Risks and Distribution,C179001785-SEDAC,CIESIN_CHRR_NDH_MULTI_MRD,Global Multihazard Mortality Risks and Distribution,https://sedac.ciesin.columbia.edu/downloads/maps/ndh/ndh-multihazard-mortality-risks-distribution/multihazard-mortality-thumbnail.jpg,1
Global Multihazard Proportional Economic Loss Risk Deciles,C179001790-SEDAC,CIESIN_CHRR_NDH_MULTI_PELRD,Global Multihazard Proportional Economic Loss Risk Deciles,https://sedac.ciesin.columbia.edu/downloads/maps/ndh/ndh-multihazard-proportional-economic-loss-risk-deciles/multihazard-proportional-economic-loss-thumbnail.jpg,1
Global Multihazard Total Economic Loss Risk Deciles,C179001788-SEDAC,CIESIN_CHRR_NDH_MULTI_TELRD,Global Multihazard Total Economic Loss Risk Deciles,https://sedac.ciesin.columbia.edu/downloads/maps/ndh/ndh-multihazard-total-economic-loss-risk-deciles/multihazard-total-economic-loss-thumbnail.jpg,1
"Global One-Eighth Degree Population Base Year and Projection Grids Based on the Shared Socioeconomic Pathways, Revision 01",C1739467286-SEDAC,CIESIN_SEDAC_PD_SSPBSYR_1_8th,sedac_CIESIN_SEDAC_PD_SSPBSYR_1_8th_1.01,https://sedac.ciesin.columbia.edu/downloads/maps/popdynamics/popdynamics-1-8th-pop-base-year-projection-ssp-2000-2100-rev01/popdynamics-1-8th-pop-base-year-projection-ssp-2000-2100-rev01-total-pop-ssps-byr-2000-thumbnail.jpg,23
"Global One-Eighth Degree Urban Land Extent Projection and Base Year Grids by SSP Scenarios, 2000-2100",C2205031324-SEDAC,CIESIN_SEDAC_SSP_1-8thDULEPBYGSSP,CIESIN_SEDAC_SSP_1-8thDULEPBYGSSP_1.00,https://search.earthdata.nasa.gov/search/granules?p=C2205031324-SEDAC,21
Global Pesticide Grids (PEST-CHEMGRIDS),C1700961555-SEDAC,CIESIN_SEDAC_FERMANv1_PESTG,sedac_CIESIN_SEDAC_FERMANv1_PESTG_1.0,https://sedac.ciesin.columbia.edu/downloads/maps/ferman-v1/ferman-v1-pest-chemgrids/ferman-v1-pest-chemgrids-app-rate-propanil-rice-high-est-2015-thumbnail.jpg,1
"Global Pesticide Grids (PEST-CHEMGRIDS), Version 1.01",C1947982144-SEDAC,CIESIN_SEDAC_FERMANv1_PESTG_V1.01,CIESIN_SEDAC_FERMANv1_PESTG_V1.01,https://sedac.ciesin.columbia.edu/downloads/maps/ferman-v1/ferman-v1-pest-chemgrids-v1-01/ferman-v1-pest-chemgrids-v1-01-app-rate-propanil-rice-high-est-2015-thumbnail.jpg,2
Global Population Count Grid Time Series Estimates,C1427515664-SEDAC,CIESIN_SEDAC_PD_POPCGTSE,sedac_CIESIN_SEDAC_PD_POPCGTSE_1.0,https://sedac.ciesin.columbia.edu/downloads/maps/popdynamics/popdynamics-global-pop-count-time-series-estimates/popdynamics-global-pop-count-time-series-estimates-1990-thumbnail.jpg,4
Global Population Density Grid Time Series Estimates,C1427603020-SEDAC,CIESIN_SEDAC_PD_POPDGTSE,sedac_CIESIN_SEDAC_PD_POPDGTSE_1.0,https://sedac.ciesin.columbia.edu/downloads/maps/popdynamics/popdynamics-global-pop-density-time-series-estimates/popdynamics-global-pop-density-time-series-estimates-1990-thumbnail.jpg,4
"Global Reservoir and Dam Database, Version 1 (GRanDv1): Dams, Revision 01",C2210186323-SEDAC,CIESIN_SEDAC_GRANDv1_DAMS,CIESIN_SEDAC_GRAND_DAMS_1.01,https://sedac.ciesin.columbia.edu/downloads/maps/grand-v1/grand-v1-dams-rev01/dams-rev01-global-thumbnail.jpg,1
"Global Reservoir and Dam Database, Version 1 (GRanDv1): Reservoirs, Revision 01",C2210194026-SEDAC,CIESIN_SEDAC_GRANDv1_RESERVOIRS,"CIESIN_SEDAC_GRAND_RESERVOIRS_1.01
",https://sedac.ciesin.columbia.edu/downloads/maps/grand-v1/grand-v1-reservoirs-rev01/reservoirs-rev01-global-thumbnail.jpg,1
"Global Roads Open Access Data Set, Version 1 (gROADSv1)",C1000000202-SEDAC,CIESIN_SEDAC_GROADS_V1,"Global Roads Open Access Data Set, Version 1 (gROADSv1)",https://sedac.ciesin.columbia.edu/downloads/maps/groads/groads-global-roads-open-access-v1/groads-v1-global-thumbnail.jpg,13
"Global Rural-Urban Mapping Project, Version 1 (GRUMPv1): Coastlines",C2210236096-SEDAC,CIESIN_SEDAC_GRUMPv1_COASTLINES,CIESIN_SEDAC_GRUMP_COASTLINES_1.00,https://sedac.ciesin.columbia.edu/downloads/maps/grump-v1/grump-v1-coastlines/sedac-logo.jpg,1
"Global Rural-Urban Mapping Project, Version 1 (GRUMPv1): Land and Geographic Unit Area Grids",C2210238389-SEDAC,CIESIN_SEDAC_GRUMPv1_LGUAG,CIESIN_SEDAC_GRUMP_LGUAG_1.00,https://sedac.ciesin.columbia.edu/downloads/maps/grump-v1/grump-v1-land-geographic-unit-area/sedac-logo.jpg,717
"Global Rural-Urban Mapping Project, Version 1 (GRUMPv1): National Administrative Boundaries",C2210239480-SEDAC,CIESIN_SEDAC_GRUMPv1_NADMINBND,CIESIN_SEDAC_GRUMP_NADMINBND_1.00,https://sedac.ciesin.columbia.edu/downloads/maps/grump-v1/grump-v1-national-admin-boundaries/sedac-logo.jpg,1
"Global Rural-Urban Mapping Project, Version 1 (GRUMPv1): National Identifier Grid",C2210240273-SEDAC,CIESIN_SEDAC_GRUMPv1_NATIDEN,CIESIN_SEDAC_GRUMP_NATIDEN_1.00,https://sedac.ciesin.columbia.edu/downloads/maps/grump-v1/grump-v1-national-identifier-grid/sedac-logo.jpg,1
"Global Rural-Urban Mapping Project, Version 1 (GRUMPv1): Population Count Grid",C2210241148-SEDAC,CIESIN_SEDAC_GRUMPv1_POPCOUNT,CIESIN_SEDAC_GRUMP_POPCOUNT_1.00,https://sedac.ciesin.columbia.edu/downloads/maps/grump-v1/grump-v1-population-count/sedac-logo.jpg,2151
"Global Rural-Urban Mapping Project, Version 1 (GRUMPv1): Population Density Grid",C2210241616-SEDAC,CIESIN_SEDAC_GRUMPv1_POPDENS,CIESIN_SEDAC_GRUMP_POPDENS_1.00,https://sedac.ciesin.columbia.edu/downloads/maps/grump-v1/grump-v1-population-density/globaldens-thumbnail.jpg,2142
"Global Rural-Urban Mapping Project, Version 1 (GRUMPv1): Settlement Points",C2210243115-SEDAC,CIESIN_SEDAC_GRUMPv1_STLMNT,CIESIN_SEDAC_GRUMP_STLMNT_1.00,https://sedac.ciesin.columbia.edu/downloads/maps/grump-v1/grump-v1-settlement-points/globalpoints-thumbnail.jpg,720
"Global Rural-Urban Mapping Project, Version 1 (GRUMPv1): Settlement Points, Revision 01",C2210242396-SEDAC,CIESIN_SEDAC_GRUMPv1_STLMNT01,CIESIN_SEDAC_GRUMP_STLMNT01_1.01,https://sedac.ciesin.columbia.edu/downloads/maps/grump-v1/grump-v1-settlement-points-rev01/sedac-logo.jpg,2
"Global Rural-Urban Mapping Project, Version 1 (GRUMPv1): Urban Extent Polygons, Revision 02",C2210244511-SEDAC,CIESIN_SEDAC_GRUMPv1_EXT02,CIESIN_SEDAC_GRUMP_EXT02_1.02,https://sedac.ciesin.columbia.edu/downloads/maps/grump-v1/grump-v1-urban-ext-polygons-rev02/sedac-logo.jpg,2
"Global Rural-Urban Mapping Project, Version 1 (GRUMPv1): Urban Extents Grid",C2210245038-SEDAC,CIESIN_SEDAC_GRUMPv1_EXT,CIESIN_SEDAC_GRUMP_EXT_1.00,https://sedac.ciesin.columbia.edu/downloads/maps/grump-v1/grump-v1-urban-extents/globalextents-thumbnail.jpg,716
"Global Subnational Infant Mortality Rates, Version 2.01",C2013463595-SEDAC,CIESIN_SEDAC_PMP_IMR_V2.01,CIESIN_SEDAC_PMP_IMR_V2.01,https://sedac.ciesin.columbia.edu/downloads/maps/povmap/povmap-global-subnational-infant-mortality-rates-v2-01/povmap-global-subnational-infant-mortality-rates-v2-01-2015-thumbnail.jpg,6
"Global Summer Land Surface Temperature (LST) Grids, 2013",C1399916105-SEDAC,CIESIN_SEDAC_SDEI_LST2013,sedac_CIESIN_SEDAC_SDEI_LST2013_1.0,https://sedac.ciesin.columbia.edu/downloads/maps/sdei/sdei-global-summer-lst-2013/sdei-global-summer-lst-grids-2013-day-max-global-thumbnail.jpg,6
"Global Urban Heat Island (UHI) Data Set, 2013",C1399941740-SEDAC,CIESIN_SEDAC_SDEI_UHI2013,sedac_CIESIN_SEDAC_SDEI_UHI2013_1.0,https://sedac.ciesin.columbia.edu/downloads/maps/sdei/sdei-global-uhi-2013/sdei-global-uhi-2013-urban-day-mean-global-thumbnail.jpg,2
"Global Urban Polygons and Points Dataset (GUPPD), Version 1",C3155140117-SEDAC,CIESIN_SEDAC_USPAT_GUPPD_V1,mmt_collection_52769,https://sedac.ciesin.columbia.edu/downloads/maps/urbanspatial/urbanspatial-guppd-v1/urbanspatial-guppd-v1-population-growth-thumbnail.jpg,2
Global Volcano Hazard Frequency and Distribution,C179001791-SEDAC,CIESIN_CHRR_NDH_VOLCANO_HFD,Global Volcano Hazard Frequency and Distribution,https://sedac.ciesin.columbia.edu/downloads/maps/ndh/ndh-volcano-hazard-frequency-distribution/volcano-frequency-distribution-thumbnail.jpg,1
Global Volcano Mortality Risks and Distribution,C179001787-SEDAC,CIESIN_CHRR_NDH_VOLCANO_MRD,Global Volcano Mortality Risks and Distribution,https://sedac.ciesin.columbia.edu/downloads/maps/ndh/ndh-volcano-mortality-risks-distribution/volcano-mortality-thumbnail.jpg,1
Global Volcano Proportional Economic Loss Risk Deciles,C179001794-SEDAC,CIESIN_CHRR_NDH_VOLCANO_PELRD,Global Volcano Proportional Economic Loss Risk Deciles,https://sedac.ciesin.columbia.edu/downloads/maps/ndh/ndh-volcano-proportional-economic-loss-risk-deciles/volcano-proportional-economic-loss-thumbnail.jpg,1
Global Volcano Total Economic Loss Risk Deciles,C179001793-SEDAC,CIESIN_CHRR_NDH_VOLCANO_TELRD,Global Volcano Total Economic Loss Risk Deciles,https://sedac.ciesin.columbia.edu/downloads/maps/ndh/ndh-volcano-total-economic-loss-risk-deciles/volcano-total-economic-loss-thumbnail.jpg,1
"Gridded Population of the World, Version 3 (GPWv3): Centroids",C1428079129-SEDAC,CIESIN_SEDAC_GPWv3_CENTROIDS,sedac_CIESIN_SEDAC_GPWv3_CENTROIDS_3.0,https://sedac.ciesin.columbia.edu/downloads/maps/gpw-v3/gpw-v3-centroids/sedac-logo.jpg,14
"Gridded Population of the World, Version 3 (GPWv3): Coastlines",C1000000003-SEDAC,CIESIN_SEDAC_GPWv3_COASTLINES,"Gridded Population of the World, Version 3 (GPWv3): Coastlines",https://sedac.ciesin.columbia.edu/downloads/maps/gpw-v3/gpw-v3-coastlines/sedac-logo.jpg,1
"Gridded Population of the World, Version 3 (GPWv3): Land and Geographic Unit Area Grids",C1000000022-SEDAC,CIESIN_SEDAC_GPWv3_LANDGEOG,"Gridded Population of the World, Version 3 (GPWv3): Land and Geographic Unit Area Grids",https://sedac.ciesin.columbia.edu/downloads/maps/gpw-v3/gpw-v3-land-geographic-unit-area/sedac-logo.jpg,1077
"Gridded Population of the World, Version 3 (GPWv3): National Administrative Boundaries",C1000000041-SEDAC,CIESIN_SEDAC_GPWv3_NADMINBND,"Gridded Population of the World, Version 3 (GPWv3): National Administrative Boundaries",https://sedac.ciesin.columbia.edu/downloads/maps/gpw-v3/gpw-v3-national-admin-boundaries/sedac-logo.jpg,1
"Gridded Population of the World, Version 3 (GPWv3): National Identifier Grid",C1000000042-SEDAC,CIESIN_SEDAC_GPWv3_NATIDEN,"Gridded Population of the World, Version 3 (GPWv3): National Identifier Grid",https://sedac.ciesin.columbia.edu/downloads/maps/gpw-v3/gpw-v3-national-identifier-grid/sedac-logo.jpg,3
"Gridded Population of the World, Version 3 (GPWv3): Population Count Grid",C1000000043-SEDAC,CIESIN_SEDAC_GPWv3_POPCOUNT,"Gridded Population of the World, Version 3 (GPWv3): Population Count Grid",https://sedac.ciesin.columbia.edu/downloads/maps/gpw-v3/gpw-v3-population-count/sedac-logo.jpg,1140
"Gridded Population of the World, Version 3 (GPWv3): Population Count Grid, Future Estimates",C1000000023-SEDAC,CIESIN_SEDAC_GPWv3_POPCOUNTFE,"Gridded Population of the World, Version 3 (GPWv3): Population Count Grid, Future Estimates",https://sedac.ciesin.columbia.edu/downloads/maps/gpw-v3/gpw-v3-population-count-future-estimates/sedac-logo.jpg,786
"Gridded Population of the World, Version 3 (GPWv3): Population Density Grid",C1000000044-SEDAC,CIESIN_SEDAC_GPWv3_POPDENS,"Gridded Population of the World, Version 3 (GPWv3): Population Density Grid",https://sedac.ciesin.columbia.edu/downloads/maps/gpw-v3/gpw-v3-population-density/globaldens-thumbnail.jpg,1136
"Gridded Population of the World, Version 3 (GPWv3): Population Density Grid, Future Estimates",C1000000024-SEDAC,CIESIN_SEDAC_GPWv3_POPDENSFE,"Gridded Population of the World, Version 3 (GPWv3): Population Density Grid, Future Estimates",https://sedac.ciesin.columbia.edu/downloads/maps/gpw-v3/gpw-v3-population-density-future-estimates/sedac-logo.jpg,768
"Gridded Population of the World, Version 3 (GPWv3): Subnational Administrative Boundaries",C1000000045-SEDAC,CIESIN_SEDAC_GPWv3_SUBADBND,"Gridded Population of the World, Version 3 (GPWv3): Subnational Administrative Boundaries",https://sedac.ciesin.columbia.edu/downloads/maps/gpw-v3/gpw-v3-subnational-admin-boundaries/globaladbnd-thumbnail.jpg,240
"Gridded Population of the World, Version 4 (GPWv4): Administrative Unit Center Points with Population Estimates, Revision 11",C1596819702-SEDAC,CIESIN_SEDAC_GPWv4_ADUCPPE_R11,sedac_CIESIN_SEDAC_GPWv4_ADUCPPE_R11_4.11,https://sedac.ciesin.columbia.edu/downloads/maps/gpw-v4/gpw-v4-admin-unit-center-points-population-estimates-rev11/gpw-v4-admin-unit-center-points-population-estimates-rev11-thumbnail.jpg,915
"Gridded Population of the World, Version 4 (GPWv4): Basic Demographic Characteristics, Revision 11",C1597149465-SEDAC,CIESIN_SEDAC_GPWv4_BDC_R11,sedac_CIESIN_SEDAC_GPWv4_BDC_R11_4.11,https://sedac.ciesin.columbia.edu/downloads/maps/gpw-v4/gpw-v4-basic-demographic-characteristics-rev11/gpw-v4-basic-demographic-characteristics-rev11-young-aging-2010-thumbnail.jpg,284
"Gridded Population of the World, Version 4 (GPWv4): Data Quality Indicators, Revision 11",C1597149689-SEDAC,CIESIN_SEDAC_GPWv4_DQI_R11,sedac_CIESIN_SEDAC_GPWv4_DQI_R11_4.11,https://sedac.ciesin.columbia.edu/downloads/maps/gpw-v4/gpw-v4-data-quality-indicators-rev11/gpw-v4-data-quality-indicators-rev11-data-context-thumbnail.jpg,30
"Gridded Population of the World, Version 4 (GPWv4): Land and Water Area, Revision 11",C1597156945-SEDAC,CIESIN_SEDAC_GPWv4_LANDH2OAREA_R11,sedac_CIESIN_SEDAC_GPWv4_LANDH2OAREA_R11_4.11,https://sedac.ciesin.columbia.edu/downloads/maps/gpw-v4/gpw-v4-land-water-area-rev11/gpw-v4-land-water-area-rev11-land-thumbnail.jpg,20
"Gridded Population of the World, Version 4 (GPWv4): National Identifier Grid, Revision 11",C1597157684-SEDAC,CIESIN_SEDAC_GPWv4_NATIDEN_R11,sedac_CIESIN_SEDAC_GPWv4_NATIDEN_R11_4.11,https://sedac.ciesin.columbia.edu/downloads/maps/gpw-v4/gpw-v4-national-identifier-grid-rev11/gpw-v4-national-identifier-grid-rev11-thumbnail.jpg,10
"Gridded Population of the World, Version 4 (GPWv4): Population Count Adjusted to Match 2015 Revision of UN WPP Country Totals, Revision 11",C1597158382-SEDAC,CIESIN_SEDAC_GPWv4_APCT_WPP_2015_R11,sedac_CIESIN_SEDAC_GPWv4_APCT_WPP_2015_R11_4.11,https://sedac.ciesin.columbia.edu/downloads/maps/gpw-v4/gpw-v4-population-count-adjusted-to-2015-unwpp-country-totals-rev11/gpw-v4-population-count-adjusted-to-2015-unwpp-country-totals-rev11-global-2015-thumbnail.jpg,54
"Gridded Population of the World, Version 4 (GPWv4): Population Count, Revision 11",C1597158029-SEDAC,CIESIN_SEDAC_GPWv4_POPCOUNT_R11,sedac_CIESIN_SEDAC_GPWv4_POPCOUNT_R11_4.11,https://sedac.ciesin.columbia.edu/downloads/maps/gpw-v4/gpw-v4-population-count-rev11/gpw-v4-population-count-rev11-global-2015-thumbnail.jpg,54
"Gridded Population of the World, Version 4 (GPWv4): Population Density Adjusted to Match 2015 Revision UN WPP Country Totals, Revision 11",C1597159820-SEDAC,CIESIN_SEDAC_GPWv4_APDENS_WPP_2015_R11,sedac_CIESIN_SEDAC_GPWv4_APDENS_WPP_2015_R11_4.11,https://sedac.ciesin.columbia.edu/downloads/maps/gpw-v4/gpw-v4-population-density-adjusted-to-2015-unwpp-country-totals-rev11/gpw-v4-population-density-adjusted-to-2015-unwpp-country-totals-rev11-global-2015-thumbnail.jpg,54
"Gridded Population of the World, Version 4 (GPWv4): Population Density, Revision 11",C1597159135-SEDAC,CIESIN_SEDAC_GPWv4_POPDENS_R11,sedac_CIESIN_SEDAC_GPWv4_POPDENS_R11_4.11,https://sedac.ciesin.columbia.edu/downloads/maps/gpw-v4/gpw-v4-population-density-rev11/gpw-v4-population-density-rev11-global-2020.jpg,54
"Gridded Species Distribution: Global Amphibian Richness Grids, 2015 Release",C1399952905-SEDAC,CIESIN_SEDAC_SPECIES_AMP_RICH15,sedac_CIESIN_SEDAC_SPECIES_AMP_RICH15_2015.00,https://sedac.ciesin.columbia.edu/downloads/maps/species/species-global-amphibian-richness-2015/species-global-amphibian-richness-2015-all-species-thumbnail.jpg,5
"Gridded Species Distribution: Global Mammal Richness Grids, 2015 Release",C1399957348-SEDAC,CIESIN_SEDAC_SPECIES_MAM_RICH15,sedac_CIESIN_SEDAC_SPECIES_MAM_RICH15_2015.00,https://sedac.ciesin.columbia.edu/downloads/maps/species/species-global-mammal-richness-2015/species-global-mammal-richness-2015-all-species-thumbnail.jpg,5
"Groundswell Africa Spatial Population and Migration Projections at One-Eighth Degree According to SSPs and RCPs, 2010-2050",C2738394378-SEDAC,CIESIN_SEDAC_CLIMMIG_GASPMP18SR,mmt_collection_34569,https://sedac.ciesin.columbia.edu/downloads/maps/climmig/climmig-groundswell-africa-pop-mig-proj-1-8-ssps-rcps-2010-2050/sedac-logo.jpg,44
"Groundswell Spatial Population and Migration Projections at One-Eighth Degree According to SSPs and RCPs, 2010-2050",C2338359154-SEDAC,CIESIN_SEDAC_CLIMMIG_GSPMP18SR,CIESIN_SEDAC_CLIMMIG_GSPMP18SR_1.00,https://sedac.ciesin.columbia.edu/downloads/maps/climmig/climmig-groundswell-pop-mig-proj-1-8-ssps-rcps-2010-2050/climmig-groundswell-pop-mig-proj-1-8-ssps-rcps-2010-2050-africa-2030-2050-thumbnail.jpg,224
HANPP Collection: Global Patterns in Human Appropriation of Net Primary Productivity (HANPP),C139824016-SEDAC,CIESIN_SEDAC_HANPP,HANPP Collection: Global Patterns in Human Appropriation of Net Primary Productivity (HANPP),https://sedac.ciesin.columbia.edu/downloads/maps/hanpp/hanpp-human-appropriation-net-primary-productivity/human-appropriation-net-primary-productivity-thumbnail.jpg,2
HANPP Collection: Global Patterns in Net Primary Productivity (NPP),C139824017-SEDAC,CIESIN_SEDAC_HANPP_NPP,HANPP Collection: Global Patterns in Net Primary Productivity (NPP),https://sedac.ciesin.columbia.edu/downloads/maps/hanpp/hanpp-net-primary-productivity/net-primary-productivity-thumbnail.jpg,2
HANPP Collection: Human Appropriation of Net Primary Productivity (HANPP) by Country and Product,C139824019-SEDAC,CIESIN_SEDAC_HANPP_CPROD,HANPP Collection: Human Appropriation of Net Primary Productivity (HANPP) by Country and Product,https://sedac.ciesin.columbia.edu/downloads/maps/hanpp/hanpp-by-country-and-product/sedac-logo.jpg,1
HANPP Collection: Human Appropriation of Net Primary Productivity as a Percentage of Net Primary Productivity,C139824018-SEDAC,CIESIN_SEDAC_HANPP_PERCENT,HANPP Collection: Human Appropriation of Net Primary Productivity as a Percentage of Net Primary Productivity,https://sedac.ciesin.columbia.edu/downloads/maps/hanpp/hanpp-percentage-net-primary-productivity/hanpp-percentage-npp-thumbnail.jpg,2
Historical Urban Population: 3700 BC - AD 2000,C1527281913-SEDAC,CIESIN_SEDAC_USPAT_HUP,sedac_CIESIN_SEDAC_USPAT_HUP_1.0,https://sedac.ciesin.columbia.edu/downloads/maps/urbanspatial/urbanspatial-hist-urban-pop-3700bc-ad2000/urbanspatial-hist-urban-pop-3700bc-ad2000-number-records-thumbnail.jpg,1
"India Annual Winter Cropped Area, 2001-2016",C1458583603-SEDAC,CIESIN_SEDAC_INDIA_AWCA,sedac_CIESIN_SEDAC_INDIA_AWCA_1.0,https://sedac.ciesin.columbia.edu/downloads/maps/india/india-india-annual-winter-cropped-area-2001-2016/india-india-annual-winter-cropped-area-2016-thumbnail.jpg,18
"India Village-Level Geospatial Socio-Economic Data Set: 1991, 2001",C1513253831-SEDAC,CIESIN_SEDAC_INDIA_VILSOCIOECON,sedac_CIESIN_SEDAC_INDIA_VILSOCIOECON_1.0,https://sedac.ciesin.columbia.edu/downloads/maps/india/india-india-village-level-geospatial-socio-econ-1991-2001/india-india-village-level-geospatial-socio-econ-1991-2001-female-literates-gj-thumbnail.jpg,52
Indicators of Coastal Water Quality: Ancillary Data,C179002087-SEDAC,CIESIN_SEDAC_ICWQ_ANC,Indicators of Coastal Water Quality: Ancillary Data,https://sedac.ciesin.columbia.edu/downloads/maps/icwq/icwq-ancillary-data/sedac-logo.jpg,3
Indicators of Coastal Water Quality: Annual Chlorophyll-a Concentration 1998-2007,C179002069-SEDAC,CIESIN_SEDAC_ICWQ_ACHLOA,Indicators of Coastal Water Quality: Annual Chlorophyll-a Concentration 1998-2007,https://sedac.ciesin.columbia.edu/downloads/maps/icwq/icwq-annual-chlorophyll-a-concentration-1998-2007/sedac-logo.jpg,20
Indicators of Coastal Water Quality: Change in Chlorophyll-a Concentration 1998-2007,C179002070-SEDAC,CIESIN_SEDAC_ICWQ_CCHLOA,Indicators of Coastal Water Quality: Change in Chlorophyll-a Concentration 1998-2007,https://sedac.ciesin.columbia.edu/downloads/maps/icwq/icwq-change-in-chlorophyll-a-concentration-1998-2007/chlorophyll-a-trends-1998-2007-black-sea-thumbnail.jpg,1
"INFORM Global Risk Index 2019 Mid Year, v0.3.7",C2225516175-SEDAC,CIESIN_SEDAC_IPCC_GRI_MIDYR_0.3.7,CIESIN_SEDAC_IPCC_GRI_MIDYR_0.3.7,https://sedac.ciesin.columbia.edu/downloads/maps/ipcc/ipcc-inform-gri-2019-v0-3-7/sedac-logo.jpg,2
"IPCC Fifth Assessment Report (AR5) Observed Climate Change Impacts Database, Version 2.01",C1419984463-SEDAC,CIESIN_SEDAC_IPCC_OBSERVED_AR5,sedac_CIESIN_SEDAC_IPCC_OBSERVED_AR5_2.01,https://sedac.ciesin.columbia.edu/downloads/maps/ipcc/ipcc-ar5-observed-climate-impacts-v2-01/sedac-logo.jpg,2
IPCC Fourth Assessment Report (AR4) Observed Climate Change Impacts Database,C179002027-SEDAC,CIESIN_SEDAC_IPCC_OBSERVED,IPCC Fourth Assessment Report (AR4) Observed Climate Change Impacts Database,https://sedac.ciesin.columbia.edu/downloads/maps/ipcc/ipcc-ar5-observed-climate-impacts-v2-01/sedac-logo.jpg,3
"IPCC IS92 Emissions Scenarios (A, B, C, D, E, F) Dataset Version 1.1",C179001930-SEDAC,CIESIN_SEDAC_IPCC_IS92_V11,"IPCC IS92 Emissions Scenarios (A, B, C, D, E, F) Dataset Version 1.1",https://sedac.ciesin.columbia.edu/downloads/maps/ipcc/ipcc-is92-emissions-scenarios-v1-1/sedac-logo.jpg,1
IPCC Socio-Economic Baseline Dataset,C179001801-SEDAC,CIESIN_SEDAC_IPCC_BASELINE,IPCC Socio-Economic Baseline Dataset,https://sedac.ciesin.columbia.edu/downloads/maps/ipcc/ipcc-socio-economic-baseline/sedac-logo.jpg,1
IPCC Special Report on Emissions Scenarios (SRES) 1x1 Degree Gridded Emissions Dataset,C179001931-SEDAC,CIESIN_SEDAC_IPCC_SRES_1X1EM,IPCC Special Report on Emissions Scenarios (SRES) 1x1 Degree Gridded Emissions Dataset,https://sedac.ciesin.columbia.edu/downloads/maps/ipcc/ipcc-gridded-emissions/sedac-logo.jpg,4
IPCC Special Report on Emissions Scenarios (SRES) Emissions Scenarios Dataset Version 1.1,C179001932-SEDAC,CIESIN_SEDAC_IPCC_SRES_EMSC_V11,IPCC Special Report on Emissions Scenarios (SRES) Emissions Scenarios Dataset Version 1.1,https://sedac.ciesin.columbia.edu/downloads/maps/ipcc/ipcc-emissions-v1-1/sedac-logo.jpg,1
IPCC Special Report on Emissions Scenarios (SRES) Fluor-Gases Emissions Dataset,C179001933-SEDAC,CIESIN_SEDAC_IPCC_SRES_FLGASES,IPCC Special Report on Emissions Scenarios (SRES) Fluor-Gases Emissions Dataset,https://sedac.ciesin.columbia.edu/downloads/maps/ipcc/ipcc-fluor-gases-emissions/sedac-logo.jpg,1
"Last of the Wild Project, Version 1, 2002 (LWP-1): Global Human Footprint Dataset (Geographic)",C179001934-SEDAC,CIESIN_SEDAC_LWP_HFP_GEOG,"Last of the Wild Project, Version 1, 2002 (LWP-1): Global Human Footprint Dataset (Geographic)",https://sedac.ciesin.columbia.edu/downloads/maps/wildareas-v1/wildareas-v1-human-footprint-geographic/sedac-logo.jpg,1
"Last of the Wild Project, Version 1, 2002 (LWP-1): Global Human Footprint Dataset (IGHP)",C179001935-SEDAC,CIESIN_SEDAC_LWP_HFP_IGHP,"Last of the Wild Project, Version 1, 2002 (LWP-1): Global Human Footprint Dataset (IGHP)",https://sedac.ciesin.columbia.edu/downloads/maps/wildareas-v1/wildareas-v1-human-footprint-ighp/sedac-logo.jpg,1
"Last of the Wild Project, Version 1, 2002 (LWP-1): Last of the Wild Dataset (Geographic)",C179001936-SEDAC,CIESIN_SEDAC_LWP_LW_GEOG,"Last of the Wild Project, Version 1, 2002 (LWP-1): Last of the Wild Dataset (Geographic)",https://sedac.ciesin.columbia.edu/downloads/maps/wildareas-v1/wildareas-v1-last-of-the-wild-geographic/sedac-logo.jpg,1
"Last of the Wild Project, Version 1, 2002 (LWP-1): Last of the Wild Dataset (IGHP)",C179001937-SEDAC,CIESIN_SEDAC_LWP_LW_IGHP,"Last of the Wild Project, Version 1, 2002 (LWP-1): Last of the Wild Dataset (IGHP)",https://sedac.ciesin.columbia.edu/downloads/maps/wildareas-v1/wildareas-v1-last-of-the-wild-ighp/sedac-logo.jpg,1
"Last of the Wild Project, Version 1, 2002 (LWP-1): Top One Percent Wild Areas Dataset (Geographic)",C179001938-SEDAC,CIESIN_SEDAC_LWP_TOPWA_GEOG,"Last of the Wild Project, Version 1, 2002 (LWP-1): Top One Percent Wild Areas Dataset (Geographic)",https://sedac.ciesin.columbia.edu/downloads/maps/wildareas-v1/wildareas-v1-top-one-percent-wild-areas-geographic/sedac-logo.jpg,1
"Last of the Wild Project, Version 1, 2002 (LWP-1): Top One Percent Wild Areas Dataset (IGHP)",C179001939-SEDAC,CIESIN_SEDAC_LWP_TOPWA_IGHP,"Last of the Wild Project, Version 1, 2002 (LWP-1): Top One Percent Wild Areas Dataset (IGHP)",https://sedac.ciesin.columbia.edu/downloads/maps/wildareas-v1/wildareas-v1-top-one-percent-wild-areas-ighp/sedac-logo.jpg,1
"Last of the Wild Project, Version 2, 2005 (LWP-2): Global Human Footprint Dataset (Geographic)",C179001853-SEDAC,CIESIN_SEDAC_LWP2_HF_GEOG,"Last of the Wild Project, Version 2, 2005 (LWP-2): Global Human Footprint Dataset (Geographic)",https://sedac.ciesin.columbia.edu/downloads/maps/wildareas-v2/wildareas-v2-human-footprint-geographic/hfp-world-thumbnail.jpg,7
"Last of the Wild Project, Version 2, 2005 (LWP-2): Global Human Footprint Dataset (IGHP)",C179001809-SEDAC,CIESIN_SEDAC_LWP2_HF_IGHP,"Last of the Wild Project, Version 2, 2005 (LWP-2): Global Human Footprint Dataset (IGHP)",https://sedac.ciesin.columbia.edu/downloads/maps/wildareas-v2/wildareas-v2-human-footprint-ighp/sedac-logo.jpg,2
"Last of the Wild Project, Version 2, 2005 (LWP-2): Global Human Influence Index (HII) Dataset (Geographic)",C179001808-SEDAC,CIESIN_SEDAC_LWP2_HII_GEOG,"Last of the Wild Project, Version 2, 2005 (LWP-2): Global Human Influence Index (HII) Dataset (Geographic)",https://sedac.ciesin.columbia.edu/downloads/maps/wildareas-v2/wildareas-v2-human-influence-index-geographic/hii-world-thumbnail.jpg,7
"Last of the Wild Project, Version 2, 2005 (LWP-2): Global Human Influence Index (HII) Dataset (IGHP)",C179001854-SEDAC,CIESIN_SEDAC_LWP2_HII_IGHP,"Last of the Wild Project, Version 2, 2005 (LWP-2): Global Human Influence Index (HII) Dataset (IGHP)",https://sedac.ciesin.columbia.edu/downloads/maps/wildareas-v2/wildareas-v2-human-influence-index-ighp/sedac-logo.jpg,1
"Last of the Wild Project, Version 2, 2005 (LWP-2): Last of the Wild Dataset (Geographic)",C179001812-SEDAC,CIESIN_SEDAC_LWP2_LW_GEOG,"Last of the Wild Project, Version 2, 2005 (LWP-2): Last of the Wild Dataset (Geographic)",https://sedac.ciesin.columbia.edu/downloads/maps/wildareas-v2/wildareas-v2-last-of-the-wild-geographic/ltw-world-thumbnail.jpg,7
"Last of the Wild Project, Version 2, 2005 (LWP-2): Last of the Wild Dataset (IGHP)",C179001811-SEDAC,CIESIN_SEDAC_LWP2_LW_IGHP,"Last of the Wild Project, Version 2, 2005 (LWP-2): Last of the Wild Dataset (IGHP)",https://sedac.ciesin.columbia.edu/downloads/maps/wildareas-v2/wildareas-v2-last-of-the-wild-ighp/sedac-logo.jpg,1
"Last of the Wild Project, Version 3 (LWP-3): 1993 Human Footprint, 2018 Release",C1607144563-SEDAC,CIESIN_SEDAC_LWP3_HF_1993,sedac_CIESIN_SEDAC_LWP3_HF_1993_2018.00,https://sedac.ciesin.columbia.edu/downloads/maps/wildareas-v3/wildareas-v3-1993-human-footprint/wildareas-v3-1993-human-footprint-global-thumbnail.jpg,1
"Last of the Wild Project, Version 3 (LWP-3): 2009 Human Footprint, 2018 Release",C1607147999-SEDAC,CIESIN_SEDAC_LWP3_HF_2009,sedac_CIESIN_SEDAC_LWP3_HF_2009_2018.00,https://sedac.ciesin.columbia.edu/downloads/maps/wildareas-v3/wildareas-v3-2009-human-footprint/wildareas-v3-2009-human-footprint-global-thumbnail.jpg,1
Latin America and the Caribbean Population Time Series,C1701593248-SEDAC,CIESIN_SEDAC_PD_LACPOP,sedac_CIESIN_SEDAC_PD_LACPOP_1.0,https://sedac.ciesin.columbia.edu/downloads/maps/popdynamics/popdynamics-lac-pop-1990-2000/sedac-logo.jpg,1
"Low Elevation Coastal Zone (LECZ) Global Delta Urban-Rural Population and Land Area Estimates, Version 1",C3104974973-SEDAC,CIESIN_SEDAC_LECZ_DELTA_V1,mmt_collection_52042,https://sedac.ciesin.columbia.edu/downloads/maps/lecz/lecz-delta-urban-rural-population-land-area-estimates-v1/lecz-delta-urban-rural-population-land-area-estimates-v1-thumbnail.jpg,1
"Low Elevation Coastal Zone (LECZ) Urban-Rural Population and Land Area Estimates, Version 2",C1000000400-SEDAC,CIESIN_SEDAC_LECZ_URPLAEV2,"Low Elevation Coastal Zone (LECZ) Urban-Rural Population and Land Area Estimates, Version 2",https://sedac.ciesin.columbia.edu/downloads/maps/lecz/lecz-urban-rural-population-land-area-estimates-v2/lecz-urban-rural-land-area-estimates-v2-2010-nyc-usa-thumbnail.jpg,2
"Low Elevation Coastal Zone (LECZ) Urban-Rural Population and Land Area Estimates, Version 3",C2187533258-SEDAC,CIESIN_SEDAC_LECZ_URPLAEV3,CIESIN_SEDAC_LECZ_URPLAEV3_3.00,https://sedac.ciesin.columbia.edu/downloads/maps/lecz/lecz-urban-rural-population-land-area-estimates-v3/lecz-urban-rural-population-land-area-estimates-v3-merit-dem-leczs-thumbnail.jpg,2
"Low Elevation Coastal Zone (LECZ) Urban-Rural Population Estimates, Global Rural-Urban Mapping Project (GRUMP), Alpha Version",C179002007-SEDAC,CIESIN_SEDAC_LECZ_URPEV1,"Low Elevation Coastal Zone (LECZ) Urban-Rural Population Estimates, Global Rural-Urban Mapping Project (GRUMP), Alpha Version",https://sedac.ciesin.columbia.edu/downloads/maps/lecz/lecz-urban-rural-population-estimates-v1/usa-ne-population-density-and-lecz-thumbnail.jpg,1
Millennium Ecosystem Assessment: MA Biodiversity,C1000000560-SEDAC,CIESIN_SEDAC_MA_BIODIVERSITY,Millennium Ecosystem Assessment: MA Biodiversity,https://sedac.ciesin.columbia.edu/downloads/maps/ma/ma-biodiversity/sedac-logo.jpg,1
Millennium Ecosystem Assessment: MA Climate and Land Cover,C1000000580-SEDAC,CIESIN_SEDAC_MA_CLIMLC,Millennium Ecosystem Assessment: MA Climate and Land Cover,https://sedac.ciesin.columbia.edu/downloads/maps/ma/ma-climate-land-cover/sedac-logo.jpg,1
Millennium Ecosystem Assessment: MA Ecosystems,C1000000600-SEDAC,CIESIN_SEDAC_MA_ECOSYSTEMS,Millennium Ecosystem Assessment: MA Ecosystems,https://sedac.ciesin.columbia.edu/downloads/maps/ma/ma-climate-land-cover/sedac-logo.jpg,1
Millennium Ecosystem Assessment: MA Population,C1000000441-SEDAC,CIESIN_SEDAC_MA_POPULATION,Millennium Ecosystem Assessment: MA Population,https://sedac.ciesin.columbia.edu/downloads/maps/ma/ma-population/sedac-logo.jpg,1
Millennium Ecosystem Assessment: MA Rapid Land Cover Change,C1000000620-SEDAC,CIESIN_SEDAC_MA_RLCC,Millennium Ecosystem Assessment: MA Rapid Land Cover Change,https://sedac.ciesin.columbia.edu/downloads/maps/ma/ma-rapid-land-cover-change/sedac-logo.jpg,1
Millennium Ecosystem Assessment: MA Scenarios,C1000000442-SEDAC,CIESIN_SEDAC_MA_SCENARIOS,Millennium Ecosystem Assessment: MA Scenarios,https://sedac.ciesin.columbia.edu/downloads/maps/ma/ma-scenarios/sedac-logo.jpg,1
"National Aggregates of Geospatial Data Collection: Population, Landscape, And Climate Estimates (PLACE)",C179001940-SEDAC,CIESIN_SEDAC_NAGDC_PLACE,"National Aggregates of Geospatial Data Collection: Population, Landscape, And Climate Estimates (PLACE)",https://sedac.ciesin.columbia.edu/downloads/maps/nagdc/nagdc-population-landscape-climate-estimates-v1/sedac-logo.jpg,1
"National Aggregates of Geospatial Data Collection: Population, Landscape, And Climate Estimates, Version 2 (PLACE II)",C179001708-SEDAC,CIESIN_SEDAC_NAGDC_PLACEII,"National Aggregates of Geospatial Data Collection: Population, Landscape, And Climate Estimates, Version 2 (PLACE II)",https://sedac.ciesin.columbia.edu/downloads/maps/nagdc/nagdc-population-landscape-climate-estimates-v2/global-population-density-thumbnail.jpg,1
"National Aggregates of Geospatial Data Collection: Population, Landscape, And Climate Estimates, Version 3 (PLACE III)",C1000000006-SEDAC,CIESIN_SEDAC_NAGDC_PLACEIII,"National Aggregates of Geospatial Data Collection: Population, Landscape, And Climate Estimates, Version 3 (PLACE III)",https://sedac.ciesin.columbia.edu/downloads/maps/nagdc/nagdc-population-landscape-climate-estimates-v3/place3-biomes-global-thumbnail.jpg,2
"National Aggregates of Geospatial Data Collection: Population, Landscape, And Climate Estimates, Version 4 (PLACE IV)",C2287385195-SEDAC,CIESIN_SEDAC_NAGDC_PLACEIV,CIESIN_SEDAC_NAGDC_PLACEIV_4.00,https://sedac.ciesin.columbia.edu/downloads/maps/nagdc/nagdc-population-landscape-climate-estimates-v4/nagdc-population-landscape-climate-estimates-v4-biomes-thumbnail.jpg,568
"Natural Resource Management Index (NRMI), 2010 Release",C1000000007-SEDAC,CIESIN_SEDAC_NRMI_2010,"Natural Resource Management Index (NRMI), 2010 Release",https://sedac.ciesin.columbia.edu/downloads/maps/nrmi/nrmi-natural-resource-management-index-2010/sedac-logo.jpg,1
"Natural Resource Management Index (NRMI), 2011 Release",C1000000031-SEDAC,CIESIN_SEDAC_NRMI_2011,"Natural Resource Management Index (NRMI), 2011 Release",https://sedac.ciesin.columbia.edu/downloads/maps/nrmi/nrmi-natural-resource-management-index-2011/sedac-logo.jpg,1
"Natural Resource Protection and Child Health Indicators, 2012 Release",C1000000240-SEDAC,CIESIN_SEDAC_NRMI_NRPCHI12,"Natural Resource Protection and Child Health Indicators, 2012 Release",https://sedac.ciesin.columbia.edu/downloads/maps/nrmi/nrmi-natural-resource-protection-child-health-indicators-2012/sedac-logo.jpg,1
"Natural Resource Protection and Child Health Indicators, 2013 Release",C1000000420-SEDAC,CIESIN_SEDAC_NRMI_NRPCHI13,"Natural Resource Protection and Child Health Indicators, 2013 Release",https://sedac.ciesin.columbia.edu/downloads/maps/nrmi/nrmi-natural-resource-protection-child-health-indicators-2013/sedac-logo.jpg,1
"Natural Resource Protection and Child Health Indicators, 2014 Release",C1000000640-SEDAC,CIESIN_SEDAC_NRMI_NRPCHI14,"Natural Resource Protection and Child Health Indicators, 2014 Release",https://sedac.ciesin.columbia.edu/downloads/maps/nrmi/nrmi-natural-resource-protection-child-health-indicators-2014/sedac-logo.jpg,1
"Natural Resource Protection and Child Health Indicators, 2015 Release",C1341549597-SEDAC,CIESIN_SEDAC_NRMI_NRPCHI15,sedac_CIESIN_SEDAC_NRMI_NRPCHI15_2015.00,https://sedac.ciesin.columbia.edu/downloads/maps/nrmi/nrmi-natural-resource-protection-child-health-indicators-2015/sedac-logo.jpg,1
"Natural Resource Protection and Child Health Indicators, 2016 Release",C1378817802-SEDAC,CIESIN_SEDAC_NRMI_NRPCHI16,sedac_CIESIN_SEDAC_NRMI_NRPCHI16_2016.00,https://sedac.ciesin.columbia.edu/downloads/maps/nrmi/nrmi-natural-resource-protection-child-health-indicators-2016/sedac-logo.jpg,1
"Natural Resource Protection and Child Health Indicators, 2017 Release",C1543920103-SEDAC,CIESIN_SEDAC_NRMI_NRPCHI17,sedac_CIESIN_SEDAC_NRMI_NRPCHI17_2017.00,https://sedac.ciesin.columbia.edu/downloads/maps/nrmi/nrmi-natural-resource-protection-child-health-indicators-2017/sedac-logo.jpg,1
"Natural Resource Protection and Child Health Indicators, 2018 Release",C1700153381-SEDAC,CIESIN_SEDAC_NRMI_NRPCHI18,sedac_CIESIN_SEDAC_NRMI_NRPCHI18_2018.00,https://sedac.ciesin.columbia.edu/downloads/maps/nrmi/nrmi-natural-resource-protection-child-health-indicators-2018/sedac-logo.jpg,1
"Natural Resource Protection and Child Health Indicators, 2019 Release",C1886603997-SEDAC,CIESIN_SEDAC_NRMI_NRPCHI19,CIESIN_SEDAC_NRMI_NRPICHI19,https://sedac.ciesin.columbia.edu/downloads/maps/nrmi/nrmi-natural-resource-protection-child-health-indicators-2019/sedac-logo.jpg,1
"Natural Resource Protection and Child Health Indicators, 2020 Release",C2146191194-SEDAC,CIESIN_SEDAC_NRMI_NRPCHI20,CIESIN_SEDAC_NRMI_NRPICHI20,https://sedac.ciesin.columbia.edu/downloads/maps/nrmi/nrmi-natural-resource-protection-child-health-indicators-2020/sedac-logo.jpg,1
"Natural Resource Protection and Child Health Indicators, 2021 Release",C2188741906-SEDAC,CIESIN_SEDAC_NRMI_NRPCHI21,CIESIN_SEDAC_NRMI_NRPCHI21,https://sedac.ciesin.columbia.edu/downloads/maps/nrmi/nrmi-natural-resource-protection-child-health-indicators-2021/sedac-logo.jpg,1
"Natural Resource Protection and Child Health Indicators, 2022 Release",C2601447797-SEDAC,CIESIN_SEDAC_NRMI_NRPCHI22,CIESIN_SEDAC_NRMI_NRPCHI22_2022.00,https://sedac.ciesin.columbia.edu/downloads/maps/nrmi/nrmi-natural-resource-protection-child-health-indicators-2022/sedac-logo.jpg,1
"Natural Resource Protection and Child Health Indicators, 2023 Release",C2905539824-SEDAC,CIESIN_SEDAC_NRMI_NRPCHI23,mmt_collection_47595,https://sedac.ciesin.columbia.edu/downloads/maps/nrmi/nrmi-natural-resource-protection-child-health-indicators-2023/sedac-logo.jpg,1
Pilot 2006 Environmental Performance Index (EPI),C179001815-SEDAC,CIESIN_SEDAC_EPI_2006,Pilot 2006 Environmental Performance Index (EPI),https://sedac.ciesin.columbia.edu/downloads/maps/epi/epi-pilot-environmental-performance-index-2006/epi2006-overall-score-thumbnail.jpg,14
"Population Exposure Estimates in Proximity to Nuclear Power Plants, Country-Level Aggregates",C1000000460-SEDAC,CIESIN_SEDAC_ENERGY_NPPCLA,"Population Exposure Estimates in Proximity to Nuclear Power Plants, Country-Level Aggregates",https://sedac.ciesin.columbia.edu/downloads/maps/energy/energy-pop-exposure-nuclear-plants-country/sedac-logo.jpg,1
"Population Exposure Estimates in Proximity to Nuclear Power Plants, Locations",C1000000480-SEDAC,CIESIN_SEDAC_ENERGY_NPPL,"Population Exposure Estimates in Proximity to Nuclear Power Plants, Locations",https://sedac.ciesin.columbia.edu/downloads/maps/energy/energy-pop-exposure-nuclear-plants-locations/sedac-logo.jpg,1
Potential Impacts of Climate Change on World Food Supply: Datasets from a Major Crop Modeling Study,C2211120688-SEDAC,CIESIN_SEDAC_CROPCLIM_GISS_DB,CIESIN_SEDAC_CROPCLIM_GISS_DB_1.00,https://sedac.ciesin.columbia.edu/downloads/maps/crop-climate/crop-climate-potential-impacts-world-food-supply/sedac-logo.jpg,1
Poverty Mapping Project: Global Subnational Infant Mortality Rates,C179001943-SEDAC,CIESIN_SEDAC_PMP_IMR,Poverty Mapping Project: Global Subnational Infant Mortality Rates,https://sedac.ciesin.columbia.edu/downloads/maps/povmap/povmap-global-subnational-infant-mortality-rates/global-imr-thumbnail.jpg,6
Poverty Mapping Project: Global Subnational Prevalence of Child Malnutrition,C179001944-SEDAC,CIESIN_SEDAC_PMP_GSPCM,Poverty Mapping Project: Global Subnational Prevalence of Child Malnutrition,https://sedac.ciesin.columbia.edu/downloads/maps/povmap/povmap-global-subnational-prevalence-child-malnutrition/global-hunger-thumbnail.jpg,3
Poverty Mapping Project: Poverty and Food Security Case Studies,C179001945-SEDAC,CIESIN_SEDAC_PMP_PFSCS,Poverty Mapping Project: Poverty and Food Security Case Studies,https://sedac.ciesin.columbia.edu/downloads/maps/povmap/povmap-poverty-food-security-case-studies/sedac-logo.jpg,16
Poverty Mapping Project: Small Area Estimates of Poverty and Inequality,C179001946-SEDAC,CIESIN_SEDAC_PMP_SAEPI,Poverty Mapping Project: Small Area Estimates of Poverty and Inequality,https://sedac.ciesin.columbia.edu/downloads/maps/povmap/povmap-small-area-estimates-poverty-inequality/alb-adm2-ge-0-primary-thumbnail.jpg,44
Public Use Microdata Samples (PUMS),C179001948-SEDAC,CIESIN_SEDAC_ACRP_PUMS,Public Use Microdata Samples (PUMS),https://sedac.ciesin.columbia.edu/downloads/maps/acrp/acrp-public-use-microdata-samples/sedac-logo.jpg,1
"SDG Indicator 11.2.1: Urban Access to Public Transport, 2023 Release",C2762314304-SEDAC,CIESIN_SEDAC_SDGI_UAPT_2023,mmt_collection_34601,https://sedac.ciesin.columbia.edu/downloads/maps/sdgi/sdgi-11-2-1-urban-access-public-transport-2023/sdgi-11-2-1-urban-access-public-transport-2023-thumbnail.jpg,3
"SDG Indicator 11.7.1: Urban Public Space, Availability and Access, 2023 Release",C2762320166-SEDAC,CIESIN_SEDAC_SDGI_UPSAE_2023,mmt_collection_34603,https://sedac.ciesin.columbia.edu/downloads/maps/sdgi/sdgi-11-7-1-urban-public-space-availability-access-2023/sdgi-11-7-1-urban-public-space-availability-access-2023-thumbnail.jpg,3
"SDG Indicator 7.1.1: Access to Electricity, 2023 Release",C2762284545-SEDAC,CIESIN_SEDAC_SDGI_ACCELEC_2023,mmt_collection_34593,https://sedac.ciesin.columbia.edu/downloads/maps/sdgi/sdgi-7-1-1-access-electricity-2023/sdgi-7-1-1-access-electricity-2023-national-thumbnail.jpg,3
"SDG Indicator 9.1.1: Rural Access Index (RAI), 2023 Release",C2762297641-SEDAC,CIESIN_SEDAC_SDGI_RAI_2023,mmt_collection_34600,https://sedac.ciesin.columbia.edu/downloads/maps/sdgi/sdgi-9-1-1-rai-2023/sdgi-9-1-1-rai-2023-national-thumbnail.jpg,3
Sea Level Rise Impacts on Ramsar Wetlands of International Importance,C1000000260-SEDAC,CIESIN_SEDAC_LECZ_SLRIRAMSARWII,Sea Level Rise Impacts on Ramsar Wetlands of International Importance,https://sedac.ciesin.columbia.edu/downloads/maps/lecz/lecz-slr-impacts-ramsar-wetlands/sedac-logo.jpg,1
"Shared Socioeconomic Pathways (SSPs) Literature Database, v1, 2014-2019",C2022275525-SEDAC,CIESIN_SEDAC_SSP_LITDB_V1,CIESIN_SEDAC_SSP_LITDB_V1,https://sedac.ciesin.columbia.edu/downloads/maps/ssp/ssp-ssp-literature-db-v1/sedac-logo.jpg,1
Spatial Data from the 2011 India Census,C1871832077-SEDAC,CIESIN_SEDAC_INDIA_CENSUS_2011,CIESIN_SEDAC_INDIA_CENSUS_2011,https://sedac.ciesin.columbia.edu/downloads/maps/india/india-spatial-india-census-2011/india-spatial-india-census-2011-census-class-thumbnail.jpg,8
"Sub-global Scenarios that Extend the Global SSP Narratives: Literature Database, Version 1, 2014-2021",C2820969031-SEDAC,CIESIN_SEDAC_SSP_GSNLITDB_V1,mmt_collection_39118,https://sedac.ciesin.columbia.edu/downloads/maps/ssp/ssp-sub-global-scenarios-extend-ssp-narratives-literature-db-v1/sedac-logo.jpg,1
"Synthetic Assessment of Global Distribution of Vulnerability to Climate Change: Maps and Data, 2005, 2050, and 2100",C179001951-SEDAC,CIESIN_SEDAC_IPCC_SAGDVCC,"Synthetic Assessment of Global Distribution of Vulnerability to Climate Change: Maps and Data, 2005, 2050, and 2100",https://sedac.ciesin.columbia.edu/downloads/maps/ipcc/ipcc-synthetic-vulnerability-climate-2005-2050-2100/a2-550-low-temp-aggregate-impacts-2050-thumbnail.jpg,1
Trends in Global Freshwater Availability from the Gravity Recovery and Climate Experiment (GRACE),C1617586061-SEDAC,CIESIN_SEDAC_SDEI_GFA_GRACE,sedac_CIESIN_SEDAC_SDEI_GFA_GRACE_1.0,https://sedac.ciesin.columbia.edu/downloads/maps/sdei/sdei-trends-freshwater-availability-grace/sdei-trends-freshwater-availability-grace-global-2002-2016-thumbnail.jpg,1
"Twentieth Century Crop Statistics, 1900-2017",C2418990437-SEDAC,CIESIN_SEDAC_FOOD_CROPSTAT_1900-2017,CIESIN_SEDAC_FOOD_CROPSTAT_1900-2017_1.00,https://sedac.ciesin.columbia.edu/downloads/maps/food/food-twentieth-century-crop-statistics-1900-2017/sedac-logo.jpg,1
"U.S. Census Grids (Summary File 1), 1990",C1000000180-SEDAC,CIESIN_SEDAC_USCG_90SF1,"U.S. Census Grids (Summary File 1), 1990",https://sedac.ciesin.columbia.edu/downloads/maps/usgrid/usgrid-summary-file1-1990/sedac-logo.jpg,2704
"U.S. Census Grids (Summary File 1), 1990: Metropolitan Statistical Areas",C1000000200-SEDAC,CIESIN_SEDAC_USCG_90SF1MSA,"U.S. Census Grids (Summary File 1), 1990: Metropolitan Statistical Areas",https://sedac.ciesin.columbia.edu/downloads/maps/usgrid/usgrid-summary-file1-1990-msa/sedac-logo.jpg,2025
"U.S. Census Grids (Summary File 1), 2000",C179001828-SEDAC,CIESIN_SEDAC_USCG_SF1,"U.S. Census Grids (Summary File 1), 2000",https://sedac.ciesin.columbia.edu/downloads/maps/usgrid/usgrid-summary-file1-2000/working-age-population-thumbnail.jpg,2756
"U.S. Census Grids (Summary File 1), 2000: Metropolitan Statistical Areas",C179001955-SEDAC,CIESIN_SEDAC_USCG_SF1MSA,"U.S. Census Grids (Summary File 1), 2000: Metropolitan Statistical Areas",https://sedac.ciesin.columbia.edu/downloads/maps/usgrid/usgrid-summary-file1-2000-msa/nyc-thumbnail.jpg,2600
"U.S. Census Grids (Summary File 1), 2010",C1426173834-SEDAC,CIESIN_SEDAC_USCG_SF12010,sedac_CIESIN_SEDAC_USCG_SF12010_1.0,https://sedac.ciesin.columbia.edu/downloads/maps/usgrid/usgrid-summary-file1-2010/usgrid-summary-file1-2010-amind-thumbnail.jpg,3285
"U.S. Census Grids (Summary File 3), 1990",C1000000181-SEDAC,CIESIN_SEDAC_USCG_90SF3,"U.S. Census Grids (Summary File 3), 1990",https://sedac.ciesin.columbia.edu/downloads/maps/usgrid/usgrid-summary-file3-1990/sedac-logo.jpg,1872
"U.S. Census Grids (Summary File 3), 1990: Metropolitan Statistical Areas",C1000000201-SEDAC,CIESIN_SEDAC_USCG_90SF3MSA,"U.S. Census Grids (Summary File 3), 1990: Metropolitan Statistical Areas",https://sedac.ciesin.columbia.edu/downloads/maps/usgrid/usgrid-summary-file3-1990-msa/sedac-logo.jpg,1370
"U.S. Census Grids (Summary File 3), 2000",C179001956-SEDAC,CIESIN_SEDAC_USCG_SF3,"U.S. Census Grids (Summary File 3), 2000",https://sedac.ciesin.columbia.edu/downloads/maps/usgrid/usgrid-summary-file3-2000/poverty-thumbnail.jpg,1908
"U.S. Census Grids (Summary File 3), 2000: Metropolitan Statistical Areas",C179001837-SEDAC,CIESIN_SEDAC_USCG_SF3MSA,"U.S. Census Grids (Summary File 3), 2000: Metropolitan Statistical Areas",https://sedac.ciesin.columbia.edu/downloads/maps/usgrid/usgrid-summary-file3-2000-msa/nyc-metro-thumbnail.jpg,1800
"U.S. Climate Risk Projections by County, 2040-2049",C2675647245-SEDAC,CIESIN_SEDAC_CRV_USCRPC_2040-2049,mmt_collection_31023,https://sedac.ciesin.columbia.edu/downloads/maps/crv/crv-us-climate-risk-proj-county-2040-2049/crv-us-climate-risk-proj-county-2040-2049-vulnerability-thumbnail.jpg,2
"U.S. EPA National Priorities List (NPL) Sites Point Data with CIESIN Modifications, Version 2",C1000000501-SEDAC,CIESIN_SEDAC_SSF_EPANPLSPDCMv2,"U.S. EPA National Priorities List (NPL) Sites Point Data with CIESIN Modifications, Version 2",https://sedac.ciesin.columbia.edu/downloads/maps/superfund/superfund-epa-national-priorities-list-ciesin-mod-v2/superfund-epa-national-priorities-list-ciesin-mod-v2-thumbnail.jpg,1
"U.S. Population Grids (Summary File 1), 2000: Alabama, Louisiana, Mississippi and Texas, Alpha Version",C2214242102-SEDAC,CIESIN_SEDAC_PEND_ALLOMSTXSF1,CIESIN_SEDAC_PEND_ALLOMSTXSF1_alpha,https://sedac.ciesin.columbia.edu/downloads/maps/pend/pend-summary-file1-2000-alabama-louisiana-mississippi-texas/sedac-logo.jpg,1
"U.S. Population Grids (Summary File 1), 2000: Houston Metropolitan Statistical Area, Alpha Version",C2214248380-SEDAC,CIESIN_SEDAC_PEND_HSF1,CIESIN_SEDAC_PEND_HSF1_alpha,https://sedac.ciesin.columbia.edu/downloads/maps/pend/pend-summary-file1-2000-houston-msa/demographics-2000-houston-thumbnail.jpg,1
"U.S. Population Grids (Summary File 1), 2000: New Orleans Metropolitan Statistical Area, Alpha Version",C2214249449-SEDAC,CIESIN_SEDAC_PEND_NOSF1,CIESIN_SEDAC_PEND_NOSF1_alpha,https://sedac.ciesin.columbia.edu/downloads/maps/pend/pend-summary-file1-2000-neworleans-msa/demographics-2000-neworleans-thumbnail.jpg,1
"U.S. Population Grids (Summary File 3), 2000: Alabama, Louisiana, and Mississippi, Alpha Version",C2214251760-SEDAC,CIESIN_SEDAC_PEND_ALLOMSSF3,CIESIN_SEDAC_PEND_ALLOMSSF3_alpha,https://sedac.ciesin.columbia.edu/downloads/maps/pend/pend-summary-file3-2000-alabama-louisiana-mississippi/sedac-logo.jpg,1
"U.S. Population Grids (Summary File 3), 2000: New Orleans Metropolitan Statistical Area, Alpha Version",C2214251315-SEDAC,CIESIN_SEDAC_PEND_NOSF3,CIESIN_SEDAC_PEND_NOSF3_alpha,https://sedac.ciesin.columbia.edu/downloads/maps/pend/pend-summary-file3-2000-neworleans-msa/sedac-logo.jpg,1
"U.S. Social Vulnerability Index Grids, Revision 01",C2820969258-SEDAC,CIESIN_SEDAC_USCG_USSVIG01,mmt_collection_39119,https://sedac.ciesin.columbia.edu/downloads/maps/usgrid/usgrid-us-social-vulnerability-index-rev01/usgrid-us-social-vulnerability-index-rev01-overall-2020-thumbnail.jpg,12
Urban Landsat: Cities from Space,C2221541492-SEDAC,CIESIN_SEDAC_ULANDSAT_URBAN_LANDSAT,CIESIN_SEDAC_ULANDSAT_URBAN_LANDSAT_1.00,https://sedac.ciesin.columbia.edu/downloads/maps/ulandsat/ulandsat-cities-from-space/atlanta-thumbnail.jpg,28
VIIRS Plus DMSP Change in Lights (VIIRS+DMSP dLIGHT),C1879283378-SEDAC,CIESIN_SEDAC_SDEI_VDL,CIESIN_SEDAC_SDEI_VDL,https://sedac.ciesin.columbia.edu/downloads/maps/sdei/sdei-viirs-dmsp-dlight/sdei-viirs-dmsp-dlight-thumbnail.jpg,1
"Water Security Indicator Model - Global Land Data Assimilation System (WSIM-GLDAS) Monthly Grids, Version 1",C2426238727-SEDAC,CIESIN_SEDAC_WATER_WSIM_GLDAS_V1,CIESIN_SEDAC_WATER_WSIM_GLDAS_V1_1.00,https://sedac.ciesin.columbia.edu/downloads/maps/water/water-wsim-gldas-v1/water-wsim-gldas-v1-composite-surplus-deficit-thumbnail.jpg,38
"West Africa Coastal Vulnerability Mapping: Commercial Crop Production, 2000",C1577511769-SEDAC,CIESIN_SEDAC_WACVM_CCPROD,sedac_CIESIN_SEDAC_WACVM_CCPROD_1.0,https://sedac.ciesin.columbia.edu/downloads/maps/wacvm/wacvm-commercial-crop-production-2000/sedac-logo.jpg,1
"West Africa Coastal Vulnerability Mapping: Deforestation, 2000-2012",C1577516995-SEDAC,CIESIN_SEDAC_WACVM_DEFOR200012,sedac_CIESIN_SEDAC_WACVM_DEFOR200012_1.0,https://sedac.ciesin.columbia.edu/downloads/maps/wacvm/wacvm-deforestation-2000-2012/sedac-logo.jpg,1
West Africa Coastal Vulnerability Mapping: Demographic and Health Survey Data Sets,C1577523198-SEDAC,CIESIN_SEDAC_WACVM_DHS,sedac_CIESIN_SEDAC_WACVM_DHS_1.0,https://sedac.ciesin.columbia.edu/downloads/maps/wacvm/wacvm-demographic-health-survey/sedac-logo.jpg,2
West Africa Coastal Vulnerability Mapping: Economic Systems Index,C1577523579-SEDAC,CIESIN_SEDAC_WACVM_ECONSI,sedac_CIESIN_SEDAC_WACVM_ECONSI_1.0,https://sedac.ciesin.columbia.edu/downloads/maps/wacvm/wacvm-economic-systems-index/sedac-logo.jpg,1
"West Africa Coastal Vulnerability Mapping: GPW Version 4 Population Density, Preliminary Release 1, 2010",C1577524201-SEDAC,CIESIN_SEDAC_WACVM_GPWv4PR_PD,sedac_CIESIN_SEDAC_WACVM_GPWv4PR_PD_1.0,https://sedac.ciesin.columbia.edu/downloads/maps/wacvm/wacvm-gpw-v4-population-density-pre-release-1-2010/sedac-logo.jpg,1
"West Africa Coastal Vulnerability Mapping: GPW Version 4 Population Growth, Preliminary Release 1, 2000-2010",C1577524829-SEDAC,CIESIN_SEDAC_WACVM_GPWv4PR_PG,sedac_CIESIN_SEDAC_WACVM_GPWv4PR_PG_1.0,https://sedac.ciesin.columbia.edu/downloads/maps/wacvm/wacvm-gpw-v4-population-growth-pre-release-1-2000-2010/sedac-logo.jpg,1
West Africa Coastal Vulnerability Mapping: Gridded Subset of Sub-national Poverty and Extreme Poverty Prevalence,C1577530433-SEDAC,CIESIN_SEDAC_WACVM_GSSPEPP,sedac_CIESIN_SEDAC_WACVM_GSSPEPP_1.0,https://sedac.ciesin.columbia.edu/downloads/maps/wacvm/wacvm-subset-subnational-poverty-extreme-prevalence/sedac-logo.jpg,1
"West Africa Coastal Vulnerability Mapping: Mangrove Forests Distribution, 2000 Polygon",C1577529311-SEDAC,CIESIN_SEDAC_WACVM_MFD2000_POL,sedac_CIESIN_SEDAC_WACVM_MFD2000_POL_1.0,https://sedac.ciesin.columbia.edu/downloads/maps/wacvm/wacvm-mangrove-forests-distribution-2000-polygon/sedac-logo.jpg,1
"West Africa Coastal Vulnerability Mapping: Point and Gridded Locations of Fatalities, 2008-2013",C1577532484-SEDAC,CIESIN_SEDAC_WACVM_PGLF_200813,sedac_CIESIN_SEDAC_WACVM_PGLF_200813_1.0,https://sedac.ciesin.columbia.edu/downloads/maps/wacvm/wacvm-point-gridded-fatalities-2008-2013/sedac-logo.jpg,1
"West Africa Coastal Vulnerability Mapping: Population Projections, 2030 and 2050",C1577537501-SEDAC,CIESIN_SEDAC_WACVM_POPPROJ_203050,sedac_CIESIN_SEDAC_WACVM_POPPROJ_203050_1.0,https://sedac.ciesin.columbia.edu/downloads/maps/wacvm/wacvm-population-projections-2030-2050/sedac-logo.jpg,1
West Africa Coastal Vulnerability Mapping: Social Vulnerability Indices,C1577560047-SEDAC,CIESIN_SEDAC_WACVM_SVI,sedac_CIESIN_SEDAC_WACVM_SVI_1.0,https://sedac.ciesin.columbia.edu/downloads/maps/wacvm/wacvm-social-vulnerability-indices/sedac-logo.jpg,1
"West Africa Coastal Vulnerability Mapping: Subset of DMSP-OLS Nighttime Lights for Economic Activity, 2010",C1577564961-SEDAC,CIESIN_SEDAC_WACVM_SDMSPOLSNLEA_2010,sedac_CIESIN_SEDAC_WACVM_SDMSPOLSNLEA_2010_1.0,https://sedac.ciesin.columbia.edu/downloads/maps/wacvm/wacvm-subset-dmsp-ols-nighttime-lights-economic-activity-2010/sedac-logo.jpg,1
"West Africa Coastal Vulnerability Mapping: Subset of Global Mammal and Amphibian Richness Grids, 2015 Release",C1577568049-SEDAC,CIESIN_SEDAC_WACVM_SMAMAMP_RICH,sedac_CIESIN_SEDAC_WACVM_SMAMAMP_RICH_1.0,https://sedac.ciesin.columbia.edu/downloads/maps/wacvm/wacvm-subset-mammal-amphibian-richness-grids-2015/sedac-logo.jpg,1
West Africa Coastal Vulnerability Mapping: Subset of High and Low Resolution Altimeter Corrected Elevations 2 (ACE2),C1577573428-SEDAC,CIESIN_SEDAC_WACVM_SUBSETACE2,sedac_CIESIN_SEDAC_WACVM_SUBSETACE2_1.0,https://sedac.ciesin.columbia.edu/downloads/maps/wacvm/wacvm-subset-ace-v2-high-low-resolution/sedac-logo.jpg,1
West Africa Coastal Vulnerability Mapping: Subset of JRC Map of Accessibility,C1577578302-SEDAC,CIESIN_SEDAC_WACVM_JRCMA,sedac_CIESIN_SEDAC_WACVM_JRCMA_1.0,https://sedac.ciesin.columbia.edu/downloads/maps/wacvm/wacvm-subset-jrc-map-accessibility/sedac-logo.jpg,1
West Africa Coastal Vulnerability Mapping: Subset of OpenStreetMap (OSM) Roads,C1577579590-SEDAC,CIESIN_SEDAC_WACVM_OSM_ROADS,sedac_CIESIN_SEDAC_WACVM_OSM_ROADS_1.0,https://sedac.ciesin.columbia.edu/downloads/maps/wacvm/wacvm-subset-openstreetmap-roads/sedac-logo.jpg,1
"Yale Center for Earth Observation (YCEO) Surface Urban Heat Islands, Version 4, 2003-2018",C2762922236-SEDAC,CIESIN_SEDAC_SDEI_YCEOUHI_V4,mmt_collection_34591,https://sedac.ciesin.columbia.edu/downloads/maps/sdei/sdei-yceo-sfc-uhi-v4/sedac-logo.jpg,7
